{"stats":{"minecraft:mined":{"minecraft:spruce_leaves":1},"minecraft:custom":{"minecraft:jump":56,"minecraft:open_chest":2,"minecraft:time_since_rest":1073,"minecraft:crouch_one_cm":241,"minecraft:deaths":1,"minecraft:damage_dealt":267,"minecraft:walk_on_water_one_cm":463,"minecraft:sprint_one_cm":10146,"minecraft:play_time":4365,"minecraft:damage_taken":318,"minecraft:time_since_death":804,"minecraft:walk_one_cm":11521,"minecraft:sneak_time":105,"minecraft:total_world_time":4365,"minecraft:fall_one_cm":1890,"minecraft:fly_one_cm":13134},"minecraft:killed_by":{"minecraft:iron_golem":1}},"DataVersion":3839}