{"stats":{"minecraft:dropped":{"minecraft:dirt":1,"minecraft:wooden_pickaxe":1},"minecraft:used":{"minecraft:stone_axe":13,"minecraft:wooden_pickaxe":6},"minecraft:custom":{"minecraft:time_since_rest":40699,"minecraft:play_time":40699,"minecraft:crouch_one_cm":478,"minecraft:sprint_one_cm":10732,"minecraft:damage_taken":10,"minecraft:walk_one_cm":55533,"minecraft:sneak_time":205,"minecraft:mob_kills":1,"minecraft:drop":2,"minecraft:jump":123,"minecraft:damage_dealt":160,"minecraft:leave_game":4,"minecraft:time_since_death":40699,"minecraft:total_world_time":40699,"minecraft:interact_with_crafting_table":5,"minecraft:fall_one_cm":2955,"minecraft:fly_one_cm":10046},"minecraft:crafted":{"minecraft:oak_planks":36,"minecraft:stone_axe":1,"minecraft:stick":4,"minecraft:stone_pickaxe":1,"minecraft:wooden_pickaxe":1},"minecraft:picked_up":{"minecraft:birch_log":6,"minecraft:bone":2,"minecraft:stick":4,"minecraft:arrow":2,"minecraft:wheat_seeds":1,"minecraft:oak_log":16,"minecraft:oak_sapling":2,"minecraft:dirt":6,"minecraft:cobblestone":6},"minecraft:mined":{"minecraft:short_grass":1,"minecraft:grass_block":3,"minecraft:oak_log":16,"minecraft:birch_log":6,"minecraft:stone":6}},"DataVersion":3839}