{"stats":{"minecraft:killed":{"minecraft:skeleton":1,"minecraft:sheep":5,"minecraft:zombie":6},"minecraft:dropped":{"minecraft:dirt":1,"minecraft:cooked_salmon":4,"minecraft:wooden_pickaxe":1},"minecraft:custom":{"minecraft:interact_with_furnace":36,"minecraft:mob_kills":13,"minecraft:interact_with_crafting_table":28,"minecraft:leave_game":4,"minecraft:time_since_death":106699,"minecraft:time_since_rest":106699,"minecraft:sprint_one_cm":202669,"minecraft:damage_taken":355,"minecraft:walk_one_cm":218232,"minecraft:damage_blocked_by_shield":85,"minecraft:drop":6,"minecraft:damage_dealt":1946,"minecraft:swim_one_cm":6570,"minecraft:fly_one_cm":192005,"minecraft:open_chest":2,"minecraft:crouch_one_cm":1059,"minecraft:play_time":106699,"minecraft:sneak_time":435,"minecraft:walk_under_water_one_cm":1939,"minecraft:boat_one_cm":61826,"minecraft:jump":1328,"minecraft:walk_on_water_one_cm":3266,"minecraft:total_world_time":106699,"minecraft:fall_one_cm":38465},"minecraft:used":{"minecraft:cooked_mutton":7,"minecraft:birch_planks":4,"minecraft:stone_pickaxe":69,"minecraft:shield":3,"minecraft:wooden_pickaxe":6,"minecraft:cooked_salmon":1,"minecraft:rotten_flesh":2,"minecraft:torch":8,"minecraft:crafting_table":3,"minecraft:apple":1,"minecraft:bread":2,"minecraft:iron_pickaxe":42,"minecraft:stone_axe":74,"minecraft:cobblestone":5,"minecraft:furnace":2,"minecraft:andesite":2,"minecraft:oak_boat":1},"minecraft:crafted":{"minecraft:oak_planks":36,"minecraft:crafting_table":2,"minecraft:wooden_pickaxe":1,"minecraft:iron_helmet":1,"minecraft:furnace":1,"minecraft:birch_planks":28,"minecraft:stone_axe":1,"minecraft:cooked_mutton":7,"minecraft:air":0,"minecraft:oak_boat":1,"minecraft:iron_chestplate":1,"minecraft:charcoal":6,"minecraft:shield":1,"minecraft:stick":8,"minecraft:iron_ingot":24,"minecraft:iron_pickaxe":1,"minecraft:stone_pickaxe":1,"minecraft:iron_leggings":1,"minecraft:torch":20},"minecraft:picked_up":{"minecraft:birch_log":13,"minecraft:crafting_table":1,"minecraft:andesite":2,"minecraft:oak_log":40,"minecraft:lapis_lazuli":11,"minecraft:dirt":7,"minecraft:raw_copper":5,"minecraft:cooked_salmon":5,"minecraft:bone":2,"minecraft:apple":1,"minecraft:wheat_seeds":1,"minecraft:sugar_cane":11,"minecraft:oak_planks":4,"minecraft:furnace":1,"minecraft:stick":8,"minecraft:raw_iron":29,"minecraft:pumpkin":1,"minecraft:torch":1,"minecraft:arrow":4,"minecraft:rotten_flesh":4,"minecraft:oak_sapling":10,"minecraft:netherrack":1,"minecraft:mutton":7,"minecraft:coal":19,"minecraft:white_wool":5,"minecraft:cobblestone":87},"minecraft:mined":{"minecraft:crafting_table":1,"minecraft:short_grass":3,"minecraft:grass_block":4,"minecraft:cobblestone":1,"minecraft:lapis_ore":2,"minecraft:sugar_cane":6,"minecraft:wall_torch":1,"minecraft:furnace":1,"minecraft:birch_log":13,"minecraft:iron_ore":9,"minecraft:andesite":2,"minecraft:pumpkin":1,"minecraft:oak_log":40,"minecraft:coal_ore":13,"minecraft:stone":84,"minecraft:oak_leaves":1}},"DataVersion":3839}