{"stats":{"minecraft:killed":{"minecraft:spider":1,"minecraft:skeleton":2,"minecraft:pig":1,"minecraft:sheep":6,"minecraft:zombie":9,"minecraft:cow":1},"minecraft:broken":{"minecraft:iron_shovel":2,"minecraft:stone_axe":1},"minecraft:dropped":{"minecraft:bread":230,"minecraft:cooked_beef":1,"minecraft:dirt":1,"minecraft:cooked_salmon":4,"minecraft:iron_axe":1,"minecraft:stone_pickaxe":4,"minecraft:wooden_pickaxe":1},"minecraft:used":{"minecraft:oak_trapdoor":3,"minecraft:iron_shovel":563,"minecraft:chest":9,"minecraft:spruce_planks":1,"minecraft:shield":8,"minecraft:cooked_salmon":1,"minecraft:stone_hoe":72,"minecraft:rotten_flesh":2,"minecraft:torch":14,"minecraft:dirt":487,"minecraft:mutton":2,"minecraft:spruce_boat":7,"minecraft:stone_brick_slab":42,"minecraft:iron_axe":347,"minecraft:stone_bricks":138,"minecraft:sweet_berries":88,"minecraft:furnace":3,"minecraft:cooked_beef":3,"minecraft:wheat_seeds":40,"minecraft:cooked_mutton":7,"minecraft:water_bucket":8,"minecraft:birch_planks":4,"minecraft:oak_planks":124,"minecraft:stone_pickaxe":71,"minecraft:wooden_pickaxe":6,"minecraft:birch_boat":3,"minecraft:composter":4,"minecraft:blue_bed":9,"minecraft:spruce_sign":13,"minecraft:fletching_table":6,"minecraft:mossy_cobblestone":2,"minecraft:crafting_table":6,"minecraft:white_bed":1,"minecraft:spruce_log":14,"minecraft:apple":1,"minecraft:bread":11,"minecraft:iron_pickaxe":237,"minecraft:spruce_trapdoor":8,"minecraft:stone_axe":96,"minecraft:cobblestone":25,"minecraft:purple_bed":3,"minecraft:grindstone":14,"minecraft:cooked_porkchop":2,"minecraft:smithing_table":3,"minecraft:andesite":2,"minecraft:bucket":8,"minecraft:oak_boat":5,"minecraft:bone_meal":30},"minecraft:custom":{"minecraft:interact_with_smithing_table":1,"minecraft:mob_kills":23,"minecraft:interact_with_crafting_table":61,"minecraft:leave_game":9,"minecraft:time_since_death":292707,"minecraft:climb_one_cm":656,"minecraft:sprint_one_cm":596138,"minecraft:walk_one_cm":845515,"minecraft:damage_blocked_by_shield":215,"minecraft:drop":37,"minecraft:talked_to_villager":30,"minecraft:play_time":292707,"minecraft:sneak_time":5238,"minecraft:walk_under_water_one_cm":6754,"minecraft:boat_one_cm":256678,"minecraft:jump":3919,"minecraft:walk_on_water_one_cm":15176,"minecraft:total_world_time":292707,"minecraft:interact_with_furnace":81,"minecraft:traded_with_villager":97,"minecraft:sleep_in_bed":14,"minecraft:time_since_rest":46,"minecraft:damage_taken":1284,"minecraft:damage_dealt":3289,"minecraft:swim_one_cm":30025,"minecraft:fly_one_cm":715351,"minecraft:open_chest":47,"minecraft:crouch_one_cm":25450,"minecraft:fall_one_cm":79116},"minecraft:crafted":{"minecraft:smooth_stone":8,"minecraft:oak_planks":160,"minecraft:birch_boat":2,"minecraft:furnace":3,"minecraft:stone":202,"minecraft:bone_meal":30,"minecraft:cooked_mutton":7,"minecraft:oak_trapdoor":2,"minecraft:stone_brick_slab":42,"minecraft:iron_axe":3,"minecraft:spruce_slab":18,"minecraft:stone_pickaxe":5,"minecraft:chest":9,"minecraft:spruce_boat":2,"minecraft:stone_hoe":1,"minecraft:stone_bricks":188,"minecraft:emerald":49,"minecraft:spruce_sign":15,"minecraft:cooked_porkchop":2,"minecraft:crafting_table":5,"minecraft:spruce_planks":1040,"minecraft:wooden_pickaxe":1,"minecraft:iron_helmet":1,"minecraft:smithing_table":1,"minecraft:fletching_table":2,"minecraft:bucket":1,"minecraft:birch_planks":28,"minecraft:stone_axe":1,"minecraft:bread":264,"minecraft:air":0,"minecraft:oak_boat":2,"minecraft:spruce_trapdoor":16,"minecraft:iron_chestplate":1,"minecraft:charcoal":6,"minecraft:shield":1,"minecraft:stick":1668,"minecraft:iron_ingot":40,"minecraft:iron_pickaxe":2,"minecraft:iron_shovel":1,"minecraft:iron_leggings":1,"minecraft:white_bed":1,"minecraft:composter":2,"minecraft:torch":20},"minecraft:picked_up":{"minecraft:crafting_table":1,"minecraft:wheat":12,"minecraft:smithing_table":2,"minecraft:brown_mushroom":1,"minecraft:oak_trapdoor":1,"minecraft:string":2,"minecraft:iron_axe":1,"minecraft:raw_copper":5,"minecraft:cooked_salmon":5,"minecraft:iron_shovel":2,"minecraft:cartography_table":1,"minecraft:spruce_planks":1,"minecraft:oak_boat":4,"minecraft:sugar_cane":11,"minecraft:spruce_trapdoor":3,"minecraft:furnace":1,"minecraft:stick":32,"minecraft:raw_iron":29,"minecraft:composter":3,"minecraft:torch":2,"minecraft:porkchop":1,"minecraft:arrow":4,"minecraft:rotten_flesh":9,"minecraft:mutton":9,"minecraft:white_wool":6,"minecraft:cobblestone":213,"minecraft:birch_log":13,"minecraft:cooked_beef":4,"minecraft:andesite":2,"minecraft:leather":2,"minecraft:smoker":1,"minecraft:filled_map":1,"minecraft:flint":6,"minecraft:oak_log":40,"minecraft:blue_bed":9,"minecraft:lapis_lazuli":11,"minecraft:dirt":601,"minecraft:bone":3,"minecraft:apple":1,"minecraft:stone_bricks":24,"minecraft:wheat_seeds":40,"minecraft:grindstone":16,"minecraft:fletching_table":4,"minecraft:oak_planks":20,"minecraft:birch_boat":1,"minecraft:pumpkin":2,"minecraft:sweet_berries":119,"minecraft:stone_brick_slab":1,"minecraft:gravel":36,"minecraft:spruce_sapling":29,"minecraft:spruce_log":271,"minecraft:spruce_door":1,"minecraft:spider_eye":1,"minecraft:mossy_cobblestone":3,"minecraft:purple_bed":3,"minecraft:spruce_boat":5,"minecraft:bread":2,"minecraft:oak_sapling":10,"minecraft:netherrack":1,"minecraft:coal":39},"minecraft:mined":{"minecraft:spruce_planks":1,"minecraft:mossy_cobblestone":3,"minecraft:spruce_trapdoor":3,"minecraft:grass_block":152,"minecraft:spruce_leaves":74,"minecraft:cartography_table":1,"minecraft:composter":3,"minecraft:large_fern":48,"minecraft:oak_trapdoor":1,"minecraft:furnace":1,"minecraft:iron_ore":9,"minecraft:andesite":2,"minecraft:pumpkin":1,"minecraft:fletching_table":4,"minecraft:dirt_path":6,"minecraft:stone":193,"minecraft:smithing_table":2,"minecraft:podzol":6,"minecraft:smoker":1,"minecraft:stone_brick_slab":1,"minecraft:spruce_door":1,"minecraft:crafting_table":1,"minecraft:short_grass":18,"minecraft:cobblestone":15,"minecraft:lapis_ore":2,"minecraft:grindstone":16,"minecraft:sugar_cane":6,"minecraft:oak_planks":16,"minecraft:blue_bed":9,"minecraft:wall_torch":2,"minecraft:purple_bed":3,"minecraft:birch_log":13,"minecraft:wheat":12,"minecraft:sweet_berry_bush":16,"minecraft:spruce_log":274,"minecraft:oak_log":40,"minecraft:coal_ore":33,"minecraft:gravel":43,"minecraft:dirt":403,"minecraft:stone_bricks":24,"minecraft:oak_leaves":2,"minecraft:fern":42}},"DataVersion":3839}