{"stats":{"minecraft:custom":{"minecraft:interact_with_smithing_table":1,"minecraft:interact_with_anvil":3,"minecraft:mob_kills":28,"minecraft:interact_with_crafting_table":76,"minecraft:leave_game":11,"minecraft:time_since_death":70686,"minecraft:climb_one_cm":656,"minecraft:sprint_one_cm":907811,"minecraft:walk_one_cm":1393432,"minecraft:damage_blocked_by_shield":415,"minecraft:drop":102,"minecraft:talked_to_villager":103,"minecraft:play_time":473247,"minecraft:deaths":1,"minecraft:sneak_time":16195,"minecraft:walk_under_water_one_cm":33539,"minecraft:boat_one_cm":302526,"minecraft:jump":6501,"minecraft:interact_with_blast_furnace":1,"minecraft:walk_on_water_one_cm":36696,"minecraft:total_world_time":473247,"minecraft:interact_with_furnace":92,"minecraft:traded_with_villager":242,"minecraft:sleep_in_bed":27,"minecraft:time_since_rest":3060,"minecraft:damage_taken":2806,"minecraft:damage_dealt":4083,"minecraft:swim_one_cm":33595,"minecraft:fly_one_cm":1152186,"minecraft:open_chest":83,"minecraft:crouch_one_cm":72848,"minecraft:fall_one_cm":119879},"minecraft:used":{"minecraft:oak_trapdoor":3,"minecraft:iron_shovel":602,"minecraft:spruce_slab":135,"minecraft:chest":9,"minecraft:spruce_planks":197,"minecraft:shield":16,"minecraft:cooked_salmon":1,"minecraft:rotten_flesh":2,"minecraft:stone_hoe":72,"minecraft:torch":17,"minecraft:dirt":655,"minecraft:mutton":2,"minecraft:anvil":1,"minecraft:hopper":5,"minecraft:carrot":7,"minecraft:spruce_boat":15,"minecraft:stone_brick_slab":172,"minecraft:lava_bucket":2,"minecraft:iron_axe":722,"minecraft:stone_bricks":186,"minecraft:sweet_berries":88,"minecraft:furnace":3,"minecraft:cooked_beef":3,"minecraft:wheat_seeds":40,"minecraft:cooked_mutton":7,"minecraft:water_bucket":65,"minecraft:birch_planks":4,"minecraft:oak_planks":140,"minecraft:stone_pickaxe":97,"minecraft:blue_bed":9,"minecraft:wooden_pickaxe":6,"minecraft:birch_boat":3,"minecraft:diamond_axe":221,"minecraft:spruce_sign":13,"minecraft:composter":4,"minecraft:fletching_table":9,"minecraft:spruce_fence_gate":5,"minecraft:cookie":5,"minecraft:mossy_cobblestone":2,"minecraft:crafting_table":9,"minecraft:blast_furnace":5,"minecraft:white_bed":3,"minecraft:spruce_log":14,"minecraft:smoker":6,"minecraft:apple":1,"minecraft:iron_pickaxe":311,"minecraft:bread":46,"minecraft:spruce_trapdoor":9,"minecraft:spruce_sapling":6,"minecraft:stone_axe":96,"minecraft:cobblestone":25,"minecraft:purple_bed":6,"minecraft:grindstone":29,"minecraft:cooked_porkchop":2,"minecraft:smithing_table":3,"minecraft:andesite":2,"minecraft:bucket":66,"minecraft:oak_boat":7,"minecraft:bone_meal":36},"minecraft:broken":{"minecraft:iron_shovel":2,"minecraft:iron_axe":1,"minecraft:stone_axe":1,"minecraft:iron_pickaxe":1},"minecraft:picked_up":{"minecraft:crafting_table":4,"minecraft:iron_chestplate":1,"minecraft:wheat":12,"minecraft:smithing_table":2,"minecraft:brown_mushroom":1,"minecraft:lead":2,"minecraft:shield":1,"minecraft:string":3,"minecraft:oak_trapdoor":1,"minecraft:raw_copper":5,"minecraft:iron_axe":2,"minecraft:cooked_salmon":5,"minecraft:iron_leggings":1,"minecraft:iron_shovel":3,"minecraft:cartography_table":1,"minecraft:bucket":2,"minecraft:spruce_planks":104,"minecraft:oak_boat":5,"minecraft:poppy":2,"minecraft:iron_pickaxe":2,"minecraft:spruce_slab":123,"minecraft:sugar_cane":11,"minecraft:spruce_trapdoor":6,"minecraft:furnace":1,"minecraft:stick":53,"minecraft:raw_iron":38,"minecraft:composter":3,"minecraft:torch":3,"minecraft:porkchop":1,"minecraft:cookie":88,"minecraft:carrot":7,"minecraft:arrow":4,"minecraft:rotten_flesh":13,"minecraft:mutton":9,"minecraft:white_wool":6,"minecraft:cobblestone":213,"minecraft:birch_log":13,"minecraft:cooked_beef":4,"minecraft:andesite":2,"minecraft:leather":3,"minecraft:smoker":6,"minecraft:filled_map":1,"minecraft:flint":6,"minecraft:oak_log":40,"minecraft:lapis_lazuli":11,"minecraft:dirt":781,"minecraft:blue_bed":9,"minecraft:name_tag":1,"minecraft:bone":5,"minecraft:apple":1,"minecraft:stone_bricks":28,"minecraft:wheat_seeds":40,"minecraft:iron_ingot":72,"minecraft:grindstone":32,"minecraft:stone_pickaxe":1,"minecraft:fletching_table":9,"minecraft:stone_hoe":1,"minecraft:oak_planks":36,"minecraft:birch_boat":1,"minecraft:pumpkin":2,"minecraft:sweet_berries":119,"minecraft:stone_brick_slab":64,"minecraft:lava_bucket":1,"minecraft:gravel":36,"minecraft:spruce_sapling":42,"minecraft:blast_furnace":4,"minecraft:white_bed":1,"minecraft:spruce_log":711,"minecraft:spruce_door":2,"minecraft:spider_eye":1,"minecraft:mossy_cobblestone":3,"minecraft:spruce_fence_gate":1,"minecraft:purple_bed":6,"minecraft:spruce_boat":13,"minecraft:iron_helmet":1,"minecraft:bone_meal":1,"minecraft:spruce_sign":4,"minecraft:bread":9,"minecraft:oak_sapling":10,"minecraft:netherrack":1,"minecraft:coal":40,"minecraft:hopper":3},"minecraft:killed":{"minecraft:spider":1,"minecraft:skeleton":3,"minecraft:pig":1,"minecraft:sheep":6,"minecraft:trader_llama":1,"minecraft:zombie":12,"minecraft:cow":1},"minecraft:dropped":{"minecraft:stone_hoe":1,"minecraft:bread":426,"minecraft:cooked_beef":1,"minecraft:mossy_cobblestone":1,"minecraft:cookie":16,"minecraft:leather":1,"minecraft:spruce_door":1,"minecraft:dirt":12,"minecraft:golden_carrot":1,"minecraft:torch":1,"minecraft:cooked_salmon":4,"minecraft:pumpkin":1,"minecraft:bone_meal":1,"minecraft:iron_axe":2,"minecraft:smooth_stone":5,"minecraft:string":1,"minecraft:bucket":1,"minecraft:spruce_sapling":16,"minecraft:sweet_berries":14,"minecraft:composter":1,"minecraft:grindstone":1,"minecraft:rotten_flesh":2,"minecraft:oak_planks":1,"minecraft:chainmail_chestplate":5,"minecraft:poppy":2,"minecraft:stone":1,"minecraft:spruce_trapdoor":1,"minecraft:hopper":3,"minecraft:chest":1,"minecraft:stone_bricks":2,"minecraft:stone_pickaxe":5,"minecraft:wooden_pickaxe":1},"minecraft:mined":{"minecraft:spruce_planks":12,"minecraft:white_bed":1,"minecraft:mossy_cobblestone":3,"minecraft:spruce_trapdoor":5,"minecraft:grass_block":160,"minecraft:spruce_leaves":129,"minecraft:composter":3,"minecraft:cartography_table":1,"minecraft:hopper":1,"minecraft:large_fern":52,"minecraft:oak_trapdoor":1,"minecraft:furnace":1,"minecraft:carrots":2,"minecraft:iron_ore":18,"minecraft:andesite":2,"minecraft:pumpkin":1,"minecraft:fletching_table":8,"minecraft:dirt_path":6,"minecraft:stone":193,"minecraft:spruce_slab":59,"minecraft:smithing_table":2,"minecraft:podzol":6,"minecraft:smoker":6,"minecraft:stone_brick_slab":49,"minecraft:spruce_door":1,"minecraft:crafting_table":3,"minecraft:short_grass":18,"minecraft:blast_furnace":4,"minecraft:spruce_wall_sign":2,"minecraft:cobblestone":15,"minecraft:lapis_ore":2,"minecraft:oak_planks":32,"minecraft:grindstone":30,"minecraft:sugar_cane":6,"minecraft:blue_bed":9,"minecraft:wall_torch":2,"minecraft:purple_bed":6,"minecraft:birch_log":13,"minecraft:wheat":12,"minecraft:sweet_berry_bush":16,"minecraft:spruce_log":720,"minecraft:oak_log":40,"minecraft:coal_ore":34,"minecraft:gravel":43,"minecraft:dirt":471,"minecraft:spruce_fence_gate":1,"minecraft:stone_bricks":26,"minecraft:oak_leaves":2,"minecraft:fern":42},"minecraft:crafted":{"minecraft:golden_carrot":9,"minecraft:smooth_stone":8,"minecraft:oak_planks":160,"minecraft:tripwire_hook":66,"minecraft:birch_boat":2,"minecraft:furnace":3,"minecraft:blast_furnace":1,"minecraft:stone":237,"minecraft:bone_meal":36,"minecraft:cooked_mutton":7,"minecraft:oak_trapdoor":2,"minecraft:hopper":4,"minecraft:stone_brick_slab":120,"minecraft:iron_axe":4,"minecraft:spruce_slab":204,"minecraft:stone_pickaxe":5,"minecraft:chest":14,"minecraft:diamond_boots":1,"minecraft:spruce_boat":3,"minecraft:stone_hoe":1,"minecraft:stone_bricks":224,"minecraft:emerald":151,"minecraft:spruce_sign":15,"minecraft:cooked_porkchop":2,"minecraft:diamond_axe":1,"minecraft:crafting_table":6,"minecraft:spruce_planks":2736,"minecraft:iron_helmet":1,"minecraft:wooden_pickaxe":1,"minecraft:chainmail_chestplate":5,"minecraft:smithing_table":1,"minecraft:fletching_table":2,"minecraft:bucket":2,"minecraft:birch_planks":28,"minecraft:stone_axe":1,"minecraft:bread":462,"minecraft:air":0,"minecraft:oak_boat":2,"minecraft:spruce_trapdoor":16,"minecraft:iron_chestplate":1,"minecraft:charcoal":6,"minecraft:shield":1,"minecraft:stick":4044,"minecraft:iron_ingot":49,"minecraft:iron_pickaxe":3,"minecraft:iron_block":3,"minecraft:iron_shovel":1,"minecraft:iron_leggings":1,"minecraft:anvil":1,"minecraft:white_bed":2,"minecraft:composter":2,"minecraft:spruce_fence_gate":4,"minecraft:torch":24}},"DataVersion":3839}