{"stats":{"minecraft:killed":{"minecraft:sheep":5,"minecraft:zombie":5},"minecraft:dropped":{"minecraft:dirt":1,"minecraft:wooden_pickaxe":1},"minecraft:used":{"minecraft:cooked_mutton":7,"minecraft:apple":1,"minecraft:birch_planks":4,"minecraft:stone_pickaxe":66,"minecraft:wooden_pickaxe":6,"minecraft:rotten_flesh":2,"minecraft:stone_axe":68,"minecraft:torch":6,"minecraft:cobblestone":5,"minecraft:crafting_table":3,"minecraft:furnace":2,"minecraft:andesite":1},"minecraft:custom":{"minecraft:time_since_rest":94699,"minecraft:interact_with_furnace":36,"minecraft:sprint_one_cm":163535,"minecraft:damage_taken":310,"minecraft:walk_one_cm":171680,"minecraft:mob_kills":11,"minecraft:drop":2,"minecraft:damage_dealt":1572,"minecraft:interact_with_crafting_table":27,"minecraft:fly_one_cm":175804,"minecraft:open_chest":1,"minecraft:crouch_one_cm":930,"minecraft:play_time":94699,"minecraft:sneak_time":327,"minecraft:jump":1163,"minecraft:leave_game":4,"minecraft:time_since_death":94699,"minecraft:walk_on_water_one_cm":1043,"minecraft:total_world_time":94699,"minecraft:fall_one_cm":36406},"minecraft:crafted":{"minecraft:oak_planks":36,"minecraft:iron_chestplate":1,"minecraft:charcoal":6,"minecraft:shield":1,"minecraft:crafting_table":2,"minecraft:stick":8,"minecraft:iron_helmet":1,"minecraft:iron_ingot":24,"minecraft:wooden_pickaxe":1,"minecraft:stone_pickaxe":1,"minecraft:iron_leggings":1,"minecraft:furnace":1,"minecraft:birch_planks":28,"minecraft:torch":20,"minecraft:stone_axe":1,"minecraft:cooked_mutton":7,"minecraft:air":0},"minecraft:picked_up":{"minecraft:birch_log":13,"minecraft:raw_iron":24,"minecraft:stick":8,"minecraft:crafting_table":1,"minecraft:pumpkin":1,"minecraft:andesite":2,"minecraft:torch":1,"minecraft:oak_log":40,"minecraft:dirt":7,"minecraft:raw_copper":5,"minecraft:cooked_salmon":4,"minecraft:arrow":2,"minecraft:bone":2,"minecraft:rotten_flesh":3,"minecraft:apple":1,"minecraft:wheat_seeds":1,"minecraft:oak_planks":4,"minecraft:coal":11,"minecraft:netherrack":1,"minecraft:oak_sapling":10,"minecraft:sugar_cane":11,"minecraft:mutton":7,"minecraft:white_wool":5,"minecraft:cobblestone":61,"minecraft:furnace":1},"minecraft:mined":{"minecraft:furnace":1,"minecraft:iron_ore":3,"minecraft:birch_log":13,"minecraft:andesite":2,"minecraft:pumpkin":1,"minecraft:crafting_table":1,"minecraft:short_grass":2,"minecraft:coal_ore":5,"minecraft:grass_block":4,"minecraft:oak_log":40,"minecraft:cobblestone":1,"minecraft:stone":58,"minecraft:sugar_cane":6,"minecraft:wall_torch":1,"minecraft:oak_leaves":1}},"DataVersion":3839}