{"stats":{"minecraft:killed":{"minecraft:sheep":4,"minecraft:zombie":2},"minecraft:dropped":{"minecraft:dirt":1,"minecraft:wooden_pickaxe":1},"minecraft:used":{"minecraft:cooked_mutton":2,"minecraft:apple":1,"minecraft:stone_pickaxe":12,"minecraft:wooden_pickaxe":6,"minecraft:stone_axe":43,"minecraft:torch":2,"minecraft:cobblestone":4,"minecraft:crafting_table":1,"minecraft:furnace":1},"minecraft:custom":{"minecraft:time_since_rest":58699,"minecraft:interact_with_furnace":15,"minecraft:sprint_one_cm":38464,"minecraft:damage_taken":60,"minecraft:walk_one_cm":82905,"minecraft:mob_kills":7,"minecraft:drop":2,"minecraft:damage_dealt":881,"minecraft:interact_with_crafting_table":11,"minecraft:fly_one_cm":40303,"minecraft:crouch_one_cm":478,"minecraft:play_time":58699,"minecraft:sneak_time":209,"minecraft:jump":334,"minecraft:leave_game":4,"minecraft:time_since_death":58699,"minecraft:walk_on_water_one_cm":1043,"minecraft:total_world_time":58699,"minecraft:fall_one_cm":7112},"minecraft:crafted":{"minecraft:oak_planks":36,"minecraft:charcoal":6,"minecraft:crafting_table":1,"minecraft:stick":4,"minecraft:wooden_pickaxe":1,"minecraft:stone_pickaxe":1,"minecraft:furnace":1,"minecraft:torch":20,"minecraft:stone_axe":1,"minecraft:cooked_mutton":6,"minecraft:air":0},"minecraft:picked_up":{"minecraft:birch_log":6,"minecraft:stick":7,"minecraft:pumpkin":1,"minecraft:torch":1,"minecraft:oak_log":34,"minecraft:dirt":6,"minecraft:arrow":2,"minecraft:bone":2,"minecraft:apple":1,"minecraft:wheat_seeds":1,"minecraft:oak_sapling":6,"minecraft:sugar_cane":11,"minecraft:mutton":6,"minecraft:white_wool":4,"minecraft:cobblestone":18},"minecraft:mined":{"minecraft:birch_log":6,"minecraft:pumpkin":1,"minecraft:short_grass":1,"minecraft:grass_block":3,"minecraft:oak_log":34,"minecraft:stone":18,"minecraft:sugar_cane":6,"minecraft:wall_torch":1,"minecraft:oak_leaves":1}},"DataVersion":3839}