{"stats":{"minecraft:killed":{"minecraft:sheep":4,"minecraft:zombie":3},"minecraft:dropped":{"minecraft:dirt":1,"minecraft:wooden_pickaxe":1},"minecraft:used":{"minecraft:cooked_mutton":4,"minecraft:apple":1,"minecraft:birch_planks":1,"minecraft:stone_pickaxe":14,"minecraft:wooden_pickaxe":6,"minecraft:stone_axe":55,"minecraft:torch":2,"minecraft:cobblestone":5,"minecraft:crafting_table":1,"minecraft:furnace":1},"minecraft:custom":{"minecraft:time_since_rest":70699,"minecraft:interact_with_furnace":17,"minecraft:sprint_one_cm":79914,"minecraft:damage_taken":145,"minecraft:walk_one_cm":102463,"minecraft:mob_kills":8,"minecraft:drop":2,"minecraft:damage_dealt":1070,"minecraft:interact_with_crafting_table":15,"minecraft:fly_one_cm":91160,"minecraft:crouch_one_cm":478,"minecraft:play_time":70699,"minecraft:sneak_time":210,"minecraft:jump":669,"minecraft:leave_game":4,"minecraft:time_since_death":70699,"minecraft:walk_on_water_one_cm":1043,"minecraft:total_world_time":70699,"minecraft:fall_one_cm":17726},"minecraft:crafted":{"minecraft:oak_planks":36,"minecraft:charcoal":6,"minecraft:crafting_table":1,"minecraft:stick":4,"minecraft:wooden_pickaxe":1,"minecraft:stone_pickaxe":1,"minecraft:furnace":1,"minecraft:birch_planks":28,"minecraft:torch":20,"minecraft:stone_axe":1,"minecraft:cooked_mutton":6,"minecraft:air":0},"minecraft:picked_up":{"minecraft:birch_log":13,"minecraft:stick":7,"minecraft:crafting_table":1,"minecraft:pumpkin":1,"minecraft:torch":1,"minecraft:oak_log":34,"minecraft:dirt":6,"minecraft:arrow":2,"minecraft:bone":2,"minecraft:apple":1,"minecraft:wheat_seeds":1,"minecraft:oak_sapling":6,"minecraft:sugar_cane":11,"minecraft:mutton":6,"minecraft:white_wool":4,"minecraft:cobblestone":19,"minecraft:furnace":1},"minecraft:mined":{"minecraft:furnace":1,"minecraft:birch_log":13,"minecraft:pumpkin":1,"minecraft:crafting_table":1,"minecraft:short_grass":1,"minecraft:grass_block":3,"minecraft:oak_log":34,"minecraft:cobblestone":1,"minecraft:stone":18,"minecraft:sugar_cane":6,"minecraft:wall_torch":1,"minecraft:oak_leaves":1}},"DataVersion":3839}