{"stats":{"minecraft:crafted":{"minecraft:oak_planks":160,"minecraft:cooked_porkchop":2,"minecraft:crafting_table":5,"minecraft:spruce_planks":36,"minecraft:birch_boat":2,"minecraft:wooden_pickaxe":1,"minecraft:iron_helmet":1,"minecraft:furnace":2,"minecraft:stone":45,"minecraft:bucket":1,"minecraft:birch_planks":28,"minecraft:stone_axe":1,"minecraft:cooked_mutton":7,"minecraft:air":0,"minecraft:oak_boat":1,"minecraft:iron_chestplate":1,"minecraft:charcoal":6,"minecraft:shield":1,"minecraft:iron_axe":1,"minecraft:spruce_slab":18,"minecraft:stick":12,"minecraft:iron_ingot":40,"minecraft:iron_pickaxe":1,"minecraft:stone_pickaxe":1,"minecraft:chest":1,"minecraft:iron_shovel":1,"minecraft:iron_leggings":1,"minecraft:composter":2,"minecraft:stone_hoe":1,"minecraft:torch":20,"minecraft:stone_bricks":44},"minecraft:dropped":{"minecraft:cooked_beef":1,"minecraft:dirt":1,"minecraft:cooked_salmon":4,"minecraft:wooden_pickaxe":1},"minecraft:picked_up":{"minecraft:birch_log":13,"minecraft:crafting_table":1,"minecraft:cooked_beef":4,"minecraft:andesite":2,"minecraft:leather":2,"minecraft:brown_mushroom":1,"minecraft:filled_map":1,"minecraft:oak_log":40,"minecraft:blue_bed":8,"minecraft:dirt":543,"minecraft:lapis_lazuli":11,"minecraft:string":2,"minecraft:raw_copper":5,"minecraft:cooked_salmon":5,"minecraft:iron_shovel":2,"minecraft:bone":3,"minecraft:stone_bricks":17,"minecraft:apple":1,"minecraft:wheat_seeds":4,"minecraft:grindstone":2,"minecraft:sugar_cane":11,"minecraft:oak_planks":6,"minecraft:furnace":1,"minecraft:stick":24,"minecraft:raw_iron":29,"minecraft:birch_boat":1,"minecraft:pumpkin":2,"minecraft:sweet_berries":98,"minecraft:torch":1,"minecraft:porkchop":1,"minecraft:spruce_sapling":19,"minecraft:spruce_log":140,"minecraft:spider_eye":1,"minecraft:purple_bed":3,"minecraft:arrow":4,"minecraft:rotten_flesh":8,"minecraft:oak_sapling":10,"minecraft:netherrack":1,"minecraft:mutton":9,"minecraft:coal":39,"minecraft:white_wool":6,"minecraft:cobblestone":201},"minecraft:broken":{"minecraft:iron_shovel":2,"minecraft:stone_axe":1},"minecraft:killed":{"minecraft:pig":1,"minecraft:spider":1,"minecraft:skeleton":2,"minecraft:sheep":6,"minecraft:zombie":9,"minecraft:cow":1},"minecraft:custom":{"minecraft:interact_with_furnace":50,"minecraft:mob_kills":22,"minecraft:interact_with_crafting_table":41,"minecraft:leave_game":7,"minecraft:time_since_death":178523,"minecraft:sleep_in_bed":4,"minecraft:time_since_rest":8362,"minecraft:sprint_one_cm":368341,"minecraft:damage_taken":915,"minecraft:walk_one_cm":468101,"minecraft:damage_blocked_by_shield":215,"minecraft:drop":7,"minecraft:damage_dealt":3190,"minecraft:swim_one_cm":21022,"minecraft:talked_to_villager":2,"minecraft:fly_one_cm":394384,"minecraft:open_chest":10,"minecraft:crouch_one_cm":12998,"minecraft:play_time":178523,"minecraft:sneak_time":2543,"minecraft:walk_under_water_one_cm":6099,"minecraft:boat_one_cm":185520,"minecraft:jump":2326,"minecraft:walk_on_water_one_cm":8228,"minecraft:total_world_time":178523,"minecraft:fall_one_cm":61565},"minecraft:mined":{"minecraft:podzol":6,"minecraft:crafting_table":1,"minecraft:short_grass":12,"minecraft:grass_block":145,"minecraft:cobblestone":1,"minecraft:spruce_leaves":25,"minecraft:lapis_ore":2,"minecraft:grindstone":2,"minecraft:oak_planks":2,"minecraft:sugar_cane":6,"minecraft:blue_bed":8,"minecraft:wall_torch":1,"minecraft:large_fern":15,"minecraft:purple_bed":3,"minecraft:furnace":1,"minecraft:birch_log":13,"minecraft:iron_ore":9,"minecraft:sweet_berry_bush":2,"minecraft:spruce_log":141,"minecraft:andesite":2,"minecraft:pumpkin":1,"minecraft:oak_log":40,"minecraft:coal_ore":33,"minecraft:dirt_path":6,"minecraft:dirt":361,"minecraft:stone_bricks":17,"minecraft:stone":193,"minecraft:oak_leaves":1,"minecraft:fern":10},"minecraft:used":{"minecraft:cooked_mutton":7,"minecraft:water_bucket":6,"minecraft:iron_shovel":500,"minecraft:birch_planks":4,"minecraft:stone_pickaxe":69,"minecraft:oak_planks":43,"minecraft:chest":1,"minecraft:wooden_pickaxe":6,"minecraft:birch_boat":3,"minecraft:shield":8,"minecraft:composter":2,"minecraft:blue_bed":8,"minecraft:cooked_salmon":1,"minecraft:stone_hoe":36,"minecraft:rotten_flesh":2,"minecraft:torch":9,"minecraft:dirt":443,"minecraft:mutton":2,"minecraft:crafting_table":6,"minecraft:spruce_log":1,"minecraft:apple":1,"minecraft:iron_pickaxe":192,"minecraft:iron_axe":152,"minecraft:bread":3,"minecraft:stone_bricks":55,"minecraft:stone_axe":96,"minecraft:cobblestone":11,"minecraft:purple_bed":1,"minecraft:sweet_berries":29,"minecraft:furnace":3,"minecraft:cooked_porkchop":2,"minecraft:bucket":6,"minecraft:andesite":2,"minecraft:oak_boat":1,"minecraft:cooked_beef":3}},"DataVersion":3839}