{"stats":{"minecraft:crafted":{"minecraft:oak_planks":160,"minecraft:birch_boat":2,"minecraft:furnace":2,"minecraft:stone":128,"minecraft:bone_meal":30,"minecraft:cooked_mutton":7,"minecraft:oak_trapdoor":2,"minecraft:stone_brick_slab":42,"minecraft:iron_axe":1,"minecraft:spruce_slab":18,"minecraft:stone_pickaxe":1,"minecraft:chest":6,"minecraft:stone_hoe":1,"minecraft:stone_bricks":124,"minecraft:cooked_porkchop":2,"minecraft:spruce_sign":6,"minecraft:crafting_table":5,"minecraft:spruce_planks":140,"minecraft:iron_helmet":1,"minecraft:wooden_pickaxe":1,"minecraft:fletching_table":2,"minecraft:bucket":1,"minecraft:birch_planks":28,"minecraft:stone_axe":1,"minecraft:air":0,"minecraft:oak_boat":2,"minecraft:spruce_trapdoor":16,"minecraft:iron_chestplate":1,"minecraft:charcoal":6,"minecraft:shield":1,"minecraft:stick":16,"minecraft:iron_ingot":40,"minecraft:iron_pickaxe":1,"minecraft:iron_shovel":1,"minecraft:iron_leggings":1,"minecraft:composter":2,"minecraft:torch":20},"minecraft:dropped":{"minecraft:cooked_beef":1,"minecraft:dirt":1,"minecraft:cooked_salmon":4,"minecraft:wooden_pickaxe":1},"minecraft:picked_up":{"minecraft:crafting_table":1,"minecraft:wheat":12,"minecraft:brown_mushroom":1,"minecraft:string":2,"minecraft:raw_copper":5,"minecraft:cooked_salmon":5,"minecraft:iron_shovel":2,"minecraft:cartography_table":1,"minecraft:oak_boat":2,"minecraft:sugar_cane":11,"minecraft:furnace":1,"minecraft:raw_iron":29,"minecraft:stick":24,"minecraft:composter":3,"minecraft:torch":2,"minecraft:porkchop":1,"minecraft:arrow":4,"minecraft:rotten_flesh":9,"minecraft:mutton":9,"minecraft:white_wool":6,"minecraft:cobblestone":201,"minecraft:birch_log":13,"minecraft:cooked_beef":4,"minecraft:andesite":2,"minecraft:leather":2,"minecraft:smoker":1,"minecraft:flint":6,"minecraft:filled_map":1,"minecraft:oak_log":40,"minecraft:lapis_lazuli":11,"minecraft:dirt":543,"minecraft:blue_bed":9,"minecraft:bone":3,"minecraft:apple":1,"minecraft:stone_bricks":18,"minecraft:wheat_seeds":40,"minecraft:grindstone":16,"minecraft:fletching_table":2,"minecraft:oak_planks":10,"minecraft:pumpkin":2,"minecraft:birch_boat":1,"minecraft:sweet_berries":119,"minecraft:gravel":36,"minecraft:spruce_sapling":19,"minecraft:spruce_log":140,"minecraft:spider_eye":1,"minecraft:purple_bed":3,"minecraft:oak_sapling":10,"minecraft:netherrack":1,"minecraft:coal":39},"minecraft:broken":{"minecraft:iron_shovel":2,"minecraft:stone_axe":1},"minecraft:killed":{"minecraft:spider":1,"minecraft:skeleton":2,"minecraft:pig":1,"minecraft:sheep":6,"minecraft:zombie":9,"minecraft:cow":1},"minecraft:custom":{"minecraft:mob_kills":23,"minecraft:interact_with_crafting_table":49,"minecraft:leave_game":7,"minecraft:time_since_death":214523,"minecraft:climb_one_cm":656,"minecraft:sprint_one_cm":491382,"minecraft:walk_one_cm":604508,"minecraft:damage_blocked_by_shield":215,"minecraft:drop":7,"minecraft:talked_to_villager":7,"minecraft:play_time":214523,"minecraft:sneak_time":3787,"minecraft:walk_under_water_one_cm":6754,"minecraft:boat_one_cm":191224,"minecraft:jump":2991,"minecraft:walk_on_water_one_cm":10711,"minecraft:total_world_time":214523,"minecraft:interact_with_furnace":59,"minecraft:sleep_in_bed":7,"minecraft:time_since_rest":5173,"minecraft:damage_taken":1089,"minecraft:damage_dealt":3289,"minecraft:swim_one_cm":30025,"minecraft:fly_one_cm":537737,"minecraft:open_chest":27,"minecraft:crouch_one_cm":18614,"minecraft:fall_one_cm":69618},"minecraft:mined":{"minecraft:grass_block":145,"minecraft:spruce_leaves":42,"minecraft:cartography_table":1,"minecraft:composter":3,"minecraft:large_fern":48,"minecraft:furnace":1,"minecraft:iron_ore":9,"minecraft:andesite":2,"minecraft:pumpkin":1,"minecraft:fletching_table":2,"minecraft:dirt_path":6,"minecraft:stone":193,"minecraft:podzol":6,"minecraft:smoker":1,"minecraft:crafting_table":1,"minecraft:short_grass":18,"minecraft:cobblestone":1,"minecraft:lapis_ore":2,"minecraft:grindstone":16,"minecraft:sugar_cane":6,"minecraft:oak_planks":7,"minecraft:wall_torch":2,"minecraft:blue_bed":9,"minecraft:purple_bed":3,"minecraft:birch_log":13,"minecraft:sweet_berry_bush":12,"minecraft:wheat":12,"minecraft:spruce_log":142,"minecraft:coal_ore":33,"minecraft:oak_log":40,"minecraft:gravel":43,"minecraft:dirt":361,"minecraft:stone_bricks":18,"minecraft:oak_leaves":2,"minecraft:fern":42},"minecraft:used":{"minecraft:oak_trapdoor":2,"minecraft:iron_shovel":542,"minecraft:shield":8,"minecraft:chest":6,"minecraft:cooked_salmon":1,"minecraft:stone_hoe":72,"minecraft:rotten_flesh":2,"minecraft:torch":14,"minecraft:dirt":449,"minecraft:mutton":2,"minecraft:stone_brick_slab":36,"minecraft:iron_axe":165,"minecraft:stone_bricks":63,"minecraft:sweet_berries":60,"minecraft:furnace":3,"minecraft:cooked_beef":3,"minecraft:wheat_seeds":40,"minecraft:cooked_mutton":7,"minecraft:water_bucket":6,"minecraft:birch_planks":4,"minecraft:stone_pickaxe":69,"minecraft:oak_planks":118,"minecraft:birch_boat":3,"minecraft:wooden_pickaxe":6,"minecraft:composter":4,"minecraft:fletching_table":3,"minecraft:spruce_sign":5,"minecraft:blue_bed":9,"minecraft:crafting_table":6,"minecraft:spruce_log":13,"minecraft:apple":1,"minecraft:bread":6,"minecraft:iron_pickaxe":214,"minecraft:spruce_trapdoor":5,"minecraft:stone_axe":96,"minecraft:cobblestone":11,"minecraft:purple_bed":3,"minecraft:cooked_porkchop":2,"minecraft:grindstone":14,"minecraft:andesite":2,"minecraft:bucket":6,"minecraft:oak_boat":4,"minecraft:bone_meal":30}},"DataVersion":3839}