{"stats":{"minecraft:crafted":{"minecraft:oak_planks":36,"minecraft:cooked_porkchop":1,"minecraft:crafting_table":5,"minecraft:spruce_planks":36,"minecraft:birch_boat":2,"minecraft:wooden_pickaxe":1,"minecraft:iron_helmet":1,"minecraft:furnace":2,"minecraft:birch_planks":28,"minecraft:stone_axe":1,"minecraft:cooked_mutton":7,"minecraft:air":0,"minecraft:oak_boat":1,"minecraft:iron_chestplate":1,"minecraft:charcoal":6,"minecraft:shield":1,"minecraft:iron_axe":1,"minecraft:stick":12,"minecraft:iron_ingot":28,"minecraft:iron_pickaxe":1,"minecraft:stone_pickaxe":1,"minecraft:chest":1,"minecraft:iron_shovel":1,"minecraft:iron_leggings":1,"minecraft:torch":20},"minecraft:dropped":{"minecraft:cooked_beef":1,"minecraft:dirt":1,"minecraft:cooked_salmon":4,"minecraft:wooden_pickaxe":1},"minecraft:picked_up":{"minecraft:birch_log":13,"minecraft:crafting_table":1,"minecraft:cooked_beef":4,"minecraft:andesite":2,"minecraft:leather":2,"minecraft:brown_mushroom":1,"minecraft:filled_map":1,"minecraft:oak_log":40,"minecraft:dirt":542,"minecraft:lapis_lazuli":11,"minecraft:string":2,"minecraft:raw_copper":5,"minecraft:cooked_salmon":5,"minecraft:iron_shovel":2,"minecraft:bone":3,"minecraft:apple":1,"minecraft:wheat_seeds":4,"minecraft:sugar_cane":11,"minecraft:oak_planks":4,"minecraft:furnace":1,"minecraft:stick":24,"minecraft:raw_iron":29,"minecraft:birch_boat":1,"minecraft:pumpkin":2,"minecraft:sweet_berries":98,"minecraft:torch":1,"minecraft:porkchop":1,"minecraft:spruce_sapling":19,"minecraft:spruce_log":140,"minecraft:spider_eye":1,"minecraft:arrow":4,"minecraft:rotten_flesh":8,"minecraft:oak_sapling":10,"minecraft:netherrack":1,"minecraft:mutton":9,"minecraft:coal":39,"minecraft:white_wool":6,"minecraft:cobblestone":201},"minecraft:broken":{"minecraft:iron_shovel":2,"minecraft:stone_axe":1},"minecraft:killed":{"minecraft:pig":1,"minecraft:spider":1,"minecraft:skeleton":2,"minecraft:sheep":6,"minecraft:zombie":8,"minecraft:cow":1},"minecraft:custom":{"minecraft:interact_with_furnace":43,"minecraft:mob_kills":21,"minecraft:interact_with_crafting_table":37,"minecraft:leave_game":7,"minecraft:time_since_death":166523,"minecraft:sleep_in_bed":3,"minecraft:time_since_rest":9520,"minecraft:sprint_one_cm":318605,"minecraft:damage_taken":870,"minecraft:walk_one_cm":409382,"minecraft:damage_blocked_by_shield":215,"minecraft:drop":7,"minecraft:damage_dealt":2990,"minecraft:swim_one_cm":21022,"minecraft:talked_to_villager":1,"minecraft:fly_one_cm":363294,"minecraft:open_chest":6,"minecraft:crouch_one_cm":12917,"minecraft:play_time":166523,"minecraft:sneak_time":2516,"minecraft:walk_under_water_one_cm":3853,"minecraft:boat_one_cm":185520,"minecraft:jump":2163,"minecraft:walk_on_water_one_cm":7881,"minecraft:total_world_time":166523,"minecraft:fall_one_cm":58745},"minecraft:mined":{"minecraft:podzol":6,"minecraft:crafting_table":1,"minecraft:short_grass":12,"minecraft:grass_block":145,"minecraft:cobblestone":1,"minecraft:spruce_leaves":24,"minecraft:lapis_ore":2,"minecraft:sugar_cane":6,"minecraft:wall_torch":1,"minecraft:large_fern":15,"minecraft:furnace":1,"minecraft:birch_log":13,"minecraft:iron_ore":9,"minecraft:sweet_berry_bush":2,"minecraft:spruce_log":141,"minecraft:andesite":2,"minecraft:pumpkin":1,"minecraft:oak_log":40,"minecraft:coal_ore":33,"minecraft:dirt_path":6,"minecraft:dirt":360,"minecraft:stone":193,"minecraft:oak_leaves":1,"minecraft:fern":9},"minecraft:used":{"minecraft:cooked_mutton":7,"minecraft:iron_shovel":500,"minecraft:birch_planks":4,"minecraft:stone_pickaxe":69,"minecraft:chest":1,"minecraft:wooden_pickaxe":6,"minecraft:birch_boat":3,"minecraft:shield":8,"minecraft:cooked_salmon":1,"minecraft:rotten_flesh":2,"minecraft:torch":8,"minecraft:dirt":441,"minecraft:mutton":2,"minecraft:crafting_table":6,"minecraft:spruce_log":1,"minecraft:apple":1,"minecraft:iron_pickaxe":172,"minecraft:iron_axe":149,"minecraft:bread":3,"minecraft:stone_axe":96,"minecraft:cobblestone":11,"minecraft:sweet_berries":29,"minecraft:furnace":3,"minecraft:cooked_porkchop":1,"minecraft:andesite":2,"minecraft:oak_boat":1,"minecraft:cooked_beef":3}},"DataVersion":3839}