{"stats":{"minecraft:dropped":{"minecraft:dirt":1},"minecraft:custom":{"minecraft:jump":25,"minecraft:time_since_rest":17183,"minecraft:damage_taken":10,"minecraft:leave_game":1,"minecraft:play_time":17183,"minecraft:sprint_one_cm":1594,"minecraft:time_since_death":17183,"minecraft:walk_one_cm":16380,"minecraft:total_world_time":17183,"minecraft:drop":1,"minecraft:fall_one_cm":269,"minecraft:fly_one_cm":1470},"minecraft:picked_up":{"minecraft:oak_log":5,"minecraft:dirt":2},"minecraft:mined":{"minecraft:grass_block":1,"minecraft:oak_log":5}},"DataVersion":3839}