{"stats":{"minecraft:killed":{"minecraft:pig":1,"minecraft:spider":1,"minecraft:skeleton":1,"minecraft:sheep":6,"minecraft:zombie":7,"minecraft:cow":1},"minecraft:dropped":{"minecraft:cooked_beef":1,"minecraft:dirt":1,"minecraft:cooked_salmon":4,"minecraft:wooden_pickaxe":1},"minecraft:custom":{"minecraft:interact_with_furnace":36,"minecraft:mob_kills":18,"minecraft:interact_with_crafting_table":31,"minecraft:leave_game":4,"minecraft:time_since_death":130699,"minecraft:sleep_in_bed":1,"minecraft:time_since_rest":2045,"minecraft:sprint_one_cm":264472,"minecraft:damage_taken":679,"minecraft:walk_one_cm":253445,"minecraft:damage_blocked_by_shield":125,"minecraft:drop":7,"minecraft:damage_dealt":2547,"minecraft:swim_one_cm":21022,"minecraft:fly_one_cm":324916,"minecraft:open_chest":3,"minecraft:crouch_one_cm":1112,"minecraft:play_time":130699,"minecraft:sneak_time":480,"minecraft:walk_under_water_one_cm":3853,"minecraft:boat_one_cm":185520,"minecraft:jump":1949,"minecraft:walk_on_water_one_cm":7881,"minecraft:total_world_time":130699,"minecraft:fall_one_cm":56274},"minecraft:used":{"minecraft:cooked_mutton":7,"minecraft:birch_planks":4,"minecraft:stone_pickaxe":69,"minecraft:birch_boat":3,"minecraft:shield":5,"minecraft:wooden_pickaxe":6,"minecraft:cooked_salmon":1,"minecraft:rotten_flesh":2,"minecraft:torch":8,"minecraft:mutton":2,"minecraft:crafting_table":6,"minecraft:spruce_log":1,"minecraft:apple":1,"minecraft:bread":3,"minecraft:iron_pickaxe":54,"minecraft:stone_axe":90,"minecraft:cobblestone":11,"minecraft:sweet_berries":5,"minecraft:furnace":2,"minecraft:andesite":2,"minecraft:oak_boat":1,"minecraft:cooked_beef":3},"minecraft:crafted":{"minecraft:oak_planks":36,"minecraft:crafting_table":5,"minecraft:birch_boat":2,"minecraft:wooden_pickaxe":1,"minecraft:iron_helmet":1,"minecraft:furnace":1,"minecraft:birch_planks":28,"minecraft:stone_axe":1,"minecraft:cooked_mutton":7,"minecraft:air":0,"minecraft:oak_boat":1,"minecraft:iron_chestplate":1,"minecraft:charcoal":6,"minecraft:shield":1,"minecraft:stick":8,"minecraft:iron_ingot":24,"minecraft:iron_pickaxe":1,"minecraft:stone_pickaxe":1,"minecraft:iron_leggings":1,"minecraft:torch":20},"minecraft:picked_up":{"minecraft:birch_log":13,"minecraft:crafting_table":1,"minecraft:cooked_beef":4,"minecraft:andesite":2,"minecraft:leather":2,"minecraft:filled_map":1,"minecraft:oak_log":40,"minecraft:string":2,"minecraft:lapis_lazuli":11,"minecraft:dirt":10,"minecraft:raw_copper":5,"minecraft:cooked_salmon":5,"minecraft:bone":2,"minecraft:apple":1,"minecraft:wheat_seeds":1,"minecraft:sugar_cane":11,"minecraft:oak_planks":4,"minecraft:furnace":1,"minecraft:stick":8,"minecraft:raw_iron":29,"minecraft:birch_boat":1,"minecraft:pumpkin":1,"minecraft:sweet_berries":40,"minecraft:torch":1,"minecraft:porkchop":1,"minecraft:spruce_log":1,"minecraft:spider_eye":1,"minecraft:arrow":4,"minecraft:rotten_flesh":4,"minecraft:oak_sapling":10,"minecraft:netherrack":1,"minecraft:mutton":9,"minecraft:coal":29,"minecraft:white_wool":6,"minecraft:cobblestone":89},"minecraft:mined":{"minecraft:crafting_table":1,"minecraft:short_grass":8,"minecraft:grass_block":4,"minecraft:cobblestone":1,"minecraft:lapis_ore":2,"minecraft:sugar_cane":6,"minecraft:wall_torch":1,"minecraft:furnace":1,"minecraft:birch_log":13,"minecraft:iron_ore":9,"minecraft:spruce_log":1,"minecraft:andesite":2,"minecraft:pumpkin":1,"minecraft:oak_log":40,"minecraft:coal_ore":23,"minecraft:dirt":1,"minecraft:stone":86,"minecraft:oak_leaves":1}},"DataVersion":3839}