{"stats":{"minecraft:killed":{"minecraft:skeleton":1,"minecraft:sheep":6,"minecraft:zombie":6,"minecraft:cow":1},"minecraft:dropped":{"minecraft:cooked_beef":1,"minecraft:dirt":1,"minecraft:cooked_salmon":4,"minecraft:wooden_pickaxe":1},"minecraft:custom":{"minecraft:interact_with_furnace":36,"minecraft:mob_kills":15,"minecraft:interact_with_crafting_table":29,"minecraft:leave_game":4,"minecraft:time_since_death":118699,"minecraft:time_since_rest":118699,"minecraft:sprint_one_cm":227579,"minecraft:damage_taken":392,"minecraft:walk_one_cm":233989,"minecraft:damage_blocked_by_shield":85,"minecraft:drop":7,"minecraft:damage_dealt":2046,"minecraft:swim_one_cm":17677,"minecraft:fly_one_cm":259862,"minecraft:open_chest":2,"minecraft:crouch_one_cm":1061,"minecraft:play_time":118699,"minecraft:sneak_time":461,"minecraft:walk_under_water_one_cm":3567,"minecraft:boat_one_cm":185520,"minecraft:jump":1601,"minecraft:walk_on_water_one_cm":7770,"minecraft:total_world_time":118699,"minecraft:fall_one_cm":45979},"minecraft:used":{"minecraft:cooked_mutton":7,"minecraft:birch_planks":4,"minecraft:stone_pickaxe":69,"minecraft:birch_boat":2,"minecraft:shield":3,"minecraft:wooden_pickaxe":6,"minecraft:cooked_salmon":1,"minecraft:rotten_flesh":2,"minecraft:torch":8,"minecraft:crafting_table":4,"minecraft:apple":1,"minecraft:bread":2,"minecraft:iron_pickaxe":54,"minecraft:stone_axe":81,"minecraft:cobblestone":9,"minecraft:furnace":2,"minecraft:andesite":2,"minecraft:oak_boat":1,"minecraft:cooked_beef":2},"minecraft:crafted":{"minecraft:oak_planks":36,"minecraft:crafting_table":3,"minecraft:birch_boat":1,"minecraft:wooden_pickaxe":1,"minecraft:iron_helmet":1,"minecraft:furnace":1,"minecraft:birch_planks":28,"minecraft:stone_axe":1,"minecraft:cooked_mutton":7,"minecraft:air":0,"minecraft:oak_boat":1,"minecraft:iron_chestplate":1,"minecraft:charcoal":6,"minecraft:shield":1,"minecraft:stick":8,"minecraft:iron_ingot":24,"minecraft:iron_pickaxe":1,"minecraft:stone_pickaxe":1,"minecraft:iron_leggings":1,"minecraft:torch":20},"minecraft:picked_up":{"minecraft:birch_log":13,"minecraft:crafting_table":1,"minecraft:cooked_beef":4,"minecraft:andesite":2,"minecraft:leather":2,"minecraft:filled_map":1,"minecraft:oak_log":40,"minecraft:lapis_lazuli":11,"minecraft:dirt":9,"minecraft:raw_copper":5,"minecraft:cooked_salmon":5,"minecraft:bone":2,"minecraft:apple":1,"minecraft:wheat_seeds":1,"minecraft:sugar_cane":11,"minecraft:oak_planks":4,"minecraft:furnace":1,"minecraft:stick":8,"minecraft:raw_iron":29,"minecraft:birch_boat":1,"minecraft:pumpkin":1,"minecraft:torch":1,"minecraft:arrow":4,"minecraft:rotten_flesh":4,"minecraft:oak_sapling":10,"minecraft:netherrack":1,"minecraft:mutton":9,"minecraft:coal":29,"minecraft:white_wool":6,"minecraft:cobblestone":89},"minecraft:mined":{"minecraft:crafting_table":1,"minecraft:short_grass":7,"minecraft:grass_block":4,"minecraft:cobblestone":1,"minecraft:lapis_ore":2,"minecraft:sugar_cane":6,"minecraft:wall_torch":1,"minecraft:furnace":1,"minecraft:birch_log":13,"minecraft:iron_ore":9,"minecraft:andesite":2,"minecraft:pumpkin":1,"minecraft:oak_log":40,"minecraft:coal_ore":23,"minecraft:stone":86,"minecraft:oak_leaves":1}},"DataVersion":3839}