{"stats":{"minecraft:dropped":{"minecraft:dirt":1,"minecraft:wooden_pickaxe":1},"minecraft:used":{"minecraft:stone_axe":3,"minecraft:wooden_pickaxe":6},"minecraft:custom":{"minecraft:time_since_rest":31841,"minecraft:crouch_one_cm":57,"minecraft:sprint_one_cm":8977,"minecraft:play_time":31841,"minecraft:damage_taken":10,"minecraft:walk_one_cm":41171,"minecraft:sneak_time":26,"minecraft:drop":2,"minecraft:jump":101,"minecraft:leave_game":4,"minecraft:time_since_death":31841,"minecraft:total_world_time":31841,"minecraft:interact_with_crafting_table":5,"minecraft:fall_one_cm":2686,"minecraft:fly_one_cm":8995},"minecraft:crafted":{"minecraft:oak_planks":36,"minecraft:stone_axe":1,"minecraft:stick":4,"minecraft:stone_pickaxe":1,"minecraft:wooden_pickaxe":1},"minecraft:picked_up":{"minecraft:stick":4,"minecraft:wheat_seeds":1,"minecraft:oak_log":14,"minecraft:oak_sapling":2,"minecraft:dirt":3,"minecraft:cobblestone":6},"minecraft:mined":{"minecraft:short_grass":1,"minecraft:grass_block":2,"minecraft:oak_log":14,"minecraft:stone":6}},"DataVersion":3839}