{"stats":{"minecraft:killed":{"minecraft:spider":1,"minecraft:skeleton":3,"minecraft:pig":1,"minecraft:sheep":6,"minecraft:trader_llama":1,"minecraft:zombie":10,"minecraft:cow":1},"minecraft:broken":{"minecraft:iron_shovel":2,"minecraft:iron_axe":1,"minecraft:stone_axe":1},"minecraft:dropped":{"minecraft:bread":373,"minecraft:cooked_beef":1,"minecraft:mossy_cobblestone":1,"minecraft:leather":1,"minecraft:dirt":1,"minecraft:cooked_salmon":4,"minecraft:pumpkin":1,"minecraft:iron_axe":1,"minecraft:spruce_sapling":14,"minecraft:sweet_berries":14,"minecraft:rotten_flesh":1,"minecraft:stone":1,"minecraft:stone_pickaxe":4,"minecraft:wooden_pickaxe":1},"minecraft:used":{"minecraft:oak_trapdoor":3,"minecraft:iron_shovel":563,"minecraft:spruce_slab":135,"minecraft:chest":9,"minecraft:spruce_planks":196,"minecraft:shield":12,"minecraft:cooked_salmon":1,"minecraft:stone_hoe":72,"minecraft:rotten_flesh":2,"minecraft:torch":15,"minecraft:dirt":580,"minecraft:mutton":2,"minecraft:spruce_boat":12,"minecraft:stone_brick_slab":145,"minecraft:iron_axe":605,"minecraft:stone_bricks":186,"minecraft:sweet_berries":88,"minecraft:furnace":3,"minecraft:cooked_beef":3,"minecraft:wheat_seeds":40,"minecraft:cooked_mutton":7,"minecraft:water_bucket":52,"minecraft:birch_planks":4,"minecraft:oak_planks":132,"minecraft:stone_pickaxe":97,"minecraft:wooden_pickaxe":6,"minecraft:birch_boat":3,"minecraft:spruce_fence_gate":5,"minecraft:composter":4,"minecraft:blue_bed":9,"minecraft:spruce_sign":13,"minecraft:fletching_table":9,"minecraft:mossy_cobblestone":2,"minecraft:crafting_table":8,"minecraft:white_bed":3,"minecraft:smoker":6,"minecraft:spruce_log":14,"minecraft:apple":1,"minecraft:bread":31,"minecraft:iron_pickaxe":291,"minecraft:spruce_trapdoor":8,"minecraft:stone_axe":96,"minecraft:cobblestone":25,"minecraft:purple_bed":6,"minecraft:grindstone":25,"minecraft:cooked_porkchop":2,"minecraft:smithing_table":3,"minecraft:andesite":2,"minecraft:bucket":52,"minecraft:oak_boat":7,"minecraft:bone_meal":30},"minecraft:custom":{"minecraft:interact_with_smithing_table":1,"minecraft:mob_kills":26,"minecraft:interact_with_crafting_table":70,"minecraft:leave_game":9,"minecraft:time_since_death":364707,"minecraft:climb_one_cm":656,"minecraft:sprint_one_cm":722278,"minecraft:walk_one_cm":1052276,"minecraft:damage_blocked_by_shield":315,"minecraft:drop":64,"minecraft:talked_to_villager":43,"minecraft:play_time":364707,"minecraft:sneak_time":13444,"minecraft:walk_under_water_one_cm":29038,"minecraft:boat_one_cm":277363,"minecraft:jump":5052,"minecraft:walk_on_water_one_cm":29220,"minecraft:total_world_time":364707,"minecraft:interact_with_furnace":85,"minecraft:traded_with_villager":144,"minecraft:sleep_in_bed":20,"minecraft:time_since_rest":5531,"minecraft:damage_taken":2035,"minecraft:damage_dealt":3799,"minecraft:swim_one_cm":33496,"minecraft:fly_one_cm":869169,"minecraft:open_chest":54,"minecraft:crouch_one_cm":63018,"minecraft:fall_one_cm":100959},"minecraft:crafted":{"minecraft:smooth_stone":8,"minecraft:oak_planks":160,"minecraft:birch_boat":2,"minecraft:furnace":3,"minecraft:stone":237,"minecraft:bone_meal":30,"minecraft:cooked_mutton":7,"minecraft:oak_trapdoor":2,"minecraft:stone_brick_slab":120,"minecraft:iron_axe":4,"minecraft:spruce_slab":204,"minecraft:stone_pickaxe":5,"minecraft:chest":9,"minecraft:spruce_boat":3,"minecraft:stone_hoe":1,"minecraft:stone_bricks":224,"minecraft:emerald":72,"minecraft:spruce_sign":15,"minecraft:cooked_porkchop":2,"minecraft:crafting_table":6,"minecraft:spruce_planks":1700,"minecraft:wooden_pickaxe":1,"minecraft:iron_helmet":1,"minecraft:smithing_table":1,"minecraft:fletching_table":2,"minecraft:bucket":1,"minecraft:birch_planks":28,"minecraft:stone_axe":1,"minecraft:bread":408,"minecraft:air":0,"minecraft:oak_boat":2,"minecraft:spruce_trapdoor":16,"minecraft:iron_chestplate":1,"minecraft:charcoal":6,"minecraft:shield":1,"minecraft:stick":2424,"minecraft:iron_ingot":49,"minecraft:iron_pickaxe":3,"minecraft:iron_shovel":1,"minecraft:iron_leggings":1,"minecraft:white_bed":2,"minecraft:composter":2,"minecraft:spruce_fence_gate":4,"minecraft:torch":24},"minecraft:picked_up":{"minecraft:crafting_table":3,"minecraft:wheat":12,"minecraft:smithing_table":2,"minecraft:brown_mushroom":1,"minecraft:lead":1,"minecraft:oak_trapdoor":1,"minecraft:string":2,"minecraft:iron_axe":1,"minecraft:raw_copper":5,"minecraft:cooked_salmon":5,"minecraft:iron_shovel":2,"minecraft:cartography_table":1,"minecraft:spruce_planks":10,"minecraft:oak_boat":5,"minecraft:spruce_slab":36,"minecraft:sugar_cane":11,"minecraft:spruce_trapdoor":4,"minecraft:furnace":1,"minecraft:stick":35,"minecraft:raw_iron":38,"minecraft:composter":3,"minecraft:torch":2,"minecraft:porkchop":1,"minecraft:arrow":4,"minecraft:rotten_flesh":10,"minecraft:mutton":9,"minecraft:white_wool":6,"minecraft:cobblestone":213,"minecraft:birch_log":13,"minecraft:cooked_beef":4,"minecraft:andesite":2,"minecraft:leather":3,"minecraft:smoker":6,"minecraft:filled_map":1,"minecraft:flint":6,"minecraft:oak_log":40,"minecraft:blue_bed":9,"minecraft:lapis_lazuli":11,"minecraft:dirt":619,"minecraft:bone":5,"minecraft:apple":1,"minecraft:stone_bricks":24,"minecraft:wheat_seeds":40,"minecraft:grindstone":26,"minecraft:fletching_table":7,"minecraft:oak_planks":27,"minecraft:birch_boat":1,"minecraft:pumpkin":2,"minecraft:sweet_berries":119,"minecraft:stone_brick_slab":48,"minecraft:gravel":36,"minecraft:spruce_sapling":33,"minecraft:white_bed":1,"minecraft:spruce_log":436,"minecraft:spruce_door":1,"minecraft:spider_eye":1,"minecraft:mossy_cobblestone":3,"minecraft:spruce_fence_gate":1,"minecraft:purple_bed":6,"minecraft:spruce_boat":9,"minecraft:bread":2,"minecraft:oak_sapling":10,"minecraft:netherrack":1,"minecraft:coal":40},"minecraft:mined":{"minecraft:spruce_planks":11,"minecraft:white_bed":1,"minecraft:mossy_cobblestone":3,"minecraft:spruce_trapdoor":4,"minecraft:grass_block":152,"minecraft:spruce_leaves":86,"minecraft:cartography_table":1,"minecraft:composter":3,"minecraft:large_fern":48,"minecraft:oak_trapdoor":1,"minecraft:furnace":1,"minecraft:iron_ore":18,"minecraft:andesite":2,"minecraft:pumpkin":1,"minecraft:fletching_table":7,"minecraft:dirt_path":6,"minecraft:stone":193,"minecraft:spruce_slab":59,"minecraft:smithing_table":2,"minecraft:podzol":6,"minecraft:smoker":6,"minecraft:stone_brick_slab":45,"minecraft:spruce_door":1,"minecraft:crafting_table":3,"minecraft:short_grass":18,"minecraft:cobblestone":15,"minecraft:lapis_ore":2,"minecraft:grindstone":26,"minecraft:sugar_cane":6,"minecraft:oak_planks":23,"minecraft:blue_bed":9,"minecraft:wall_torch":2,"minecraft:purple_bed":6,"minecraft:birch_log":13,"minecraft:wheat":12,"minecraft:sweet_berry_bush":16,"minecraft:spruce_log":441,"minecraft:oak_log":40,"minecraft:coal_ore":34,"minecraft:gravel":43,"minecraft:dirt":417,"minecraft:spruce_fence_gate":1,"minecraft:stone_bricks":24,"minecraft:oak_leaves":2,"minecraft:fern":42}},"DataVersion":3839}