{"stats":{"minecraft:killed":{"minecraft:sheep":5,"minecraft:zombie":3},"minecraft:dropped":{"minecraft:dirt":1,"minecraft:wooden_pickaxe":1},"minecraft:used":{"minecraft:cooked_mutton":6,"minecraft:apple":1,"minecraft:birch_planks":4,"minecraft:stone_pickaxe":37,"minecraft:wooden_pickaxe":6,"minecraft:stone_axe":62,"minecraft:torch":6,"minecraft:cobblestone":5,"minecraft:crafting_table":1,"minecraft:furnace":1},"minecraft:custom":{"minecraft:time_since_rest":82699,"minecraft:interact_with_furnace":17,"minecraft:sprint_one_cm":144624,"minecraft:damage_taken":265,"minecraft:walk_one_cm":134849,"minecraft:mob_kills":9,"minecraft:drop":2,"minecraft:damage_dealt":1150,"minecraft:interact_with_crafting_table":15,"minecraft:fly_one_cm":172048,"minecraft:open_chest":1,"minecraft:crouch_one_cm":589,"minecraft:play_time":82699,"minecraft:sneak_time":249,"minecraft:jump":1118,"minecraft:leave_game":4,"minecraft:time_since_death":82699,"minecraft:walk_on_water_one_cm":1043,"minecraft:total_world_time":82699,"minecraft:fall_one_cm":35316},"minecraft:crafted":{"minecraft:oak_planks":36,"minecraft:charcoal":6,"minecraft:crafting_table":1,"minecraft:stick":4,"minecraft:wooden_pickaxe":1,"minecraft:stone_pickaxe":1,"minecraft:furnace":1,"minecraft:birch_planks":28,"minecraft:torch":20,"minecraft:stone_axe":1,"minecraft:cooked_mutton":6,"minecraft:air":0},"minecraft:picked_up":{"minecraft:birch_log":13,"minecraft:stick":8,"minecraft:crafting_table":1,"minecraft:pumpkin":1,"minecraft:torch":1,"minecraft:oak_log":40,"minecraft:dirt":7,"minecraft:arrow":2,"minecraft:bone":2,"minecraft:apple":1,"minecraft:wheat_seeds":1,"minecraft:coal":5,"minecraft:netherrack":1,"minecraft:oak_sapling":10,"minecraft:sugar_cane":11,"minecraft:mutton":7,"minecraft:white_wool":5,"minecraft:cobblestone":37,"minecraft:furnace":1},"minecraft:mined":{"minecraft:furnace":1,"minecraft:birch_log":13,"minecraft:pumpkin":1,"minecraft:crafting_table":1,"minecraft:short_grass":2,"minecraft:coal_ore":5,"minecraft:grass_block":4,"minecraft:oak_log":40,"minecraft:cobblestone":1,"minecraft:stone":36,"minecraft:sugar_cane":6,"minecraft:wall_torch":1,"minecraft:oak_leaves":1}},"DataVersion":3839}