{"stats":{"minecraft:killed":{"minecraft:pig":7,"minecraft:spider":2,"minecraft:creeper":4,"minecraft:skeleton":3,"minecraft:zombie":4,"minecraft:chicken":1,"minecraft:cow":3},"minecraft:used":{"minecraft:stone_sword":46,"minecraft:stone_pickaxe":31,"minecraft:oak_planks":3,"minecraft:wooden_pickaxe":5,"minecraft:shield":1,"minecraft:iron_sword":35,"minecraft:cooked_chicken":1,"minecraft:crafting_table":3,"minecraft:carrot":1,"minecraft:apple":1,"minecraft:iron_pickaxe":71,"minecraft:stone_axe":38,"minecraft:furnace":4,"minecraft:cooked_porkchop":4,"minecraft:birch_log":1,"minecraft:cooked_beef":3},"minecraft:custom":{"minecraft:interact_with_furnace":31,"minecraft:mob_kills":25,"minecraft:interact_with_crafting_table":12,"minecraft:time_since_death":41443,"minecraft:time_since_rest":41443,"minecraft:sprint_one_cm":136506,"minecraft:damage_taken":625,"minecraft:walk_one_cm":109122,"minecraft:damage_blocked_by_shield":20,"minecraft:damage_dealt":3754,"minecraft:swim_one_cm":10816,"minecraft:fly_one_cm":138638,"minecraft:crouch_one_cm":200,"minecraft:play_time":41443,"minecraft:sneak_time":117,"minecraft:walk_under_water_one_cm":12898,"minecraft:jump":884,"minecraft:walk_on_water_one_cm":11069,"minecraft:total_world_time":41443,"minecraft:fall_one_cm":32073},"minecraft:crafted":{"minecraft:cooked_beef":4,"minecraft:oak_planks":88,"minecraft:cooked_porkchop":8,"minecraft:cooked_chicken":1,"minecraft:wooden_pickaxe":1,"minecraft:iron_helmet":1,"minecraft:iron_sword":1,"minecraft:furnace":1,"minecraft:stone_axe":1,"minecraft:air":0,"minecraft:shield":1,"minecraft:stick":12,"minecraft:iron_ingot":11,"minecraft:iron_pickaxe":1,"minecraft:stone_pickaxe":1,"minecraft:stone_sword":1},"minecraft:picked_up":{"minecraft:birch_log":7,"minecraft:crafting_table":4,"minecraft:chicken":1,"minecraft:leather":2,"minecraft:oak_log":22,"minecraft:gunpowder":2,"minecraft:string":2,"minecraft:bone":2,"minecraft:apple":1,"minecraft:wheat_seeds":1,"minecraft:cobbled_deepslate":1,"minecraft:beef":5,"minecraft:iron_ingot":1,"minecraft:oak_planks":27,"minecraft:furnace":3,"minecraft:raw_iron":12,"minecraft:gravel":2,"minecraft:porkchop":10,"minecraft:carrot":1,"minecraft:arrow":2,"minecraft:rotten_flesh":3,"minecraft:diamond":6,"minecraft:emerald":1,"minecraft:coal":70,"minecraft:cobblestone":24},"minecraft:mined":{"minecraft:deepslate_diamond_ore":6,"minecraft:crafting_table":4,"minecraft:short_grass":2,"minecraft:emerald_ore":1,"minecraft:oak_planks":3,"minecraft:furnace":3,"minecraft:birch_log":7,"minecraft:iron_ore":8,"minecraft:ice":1,"minecraft:birch_leaves":1,"minecraft:oak_log":23,"minecraft:coal_ore":55,"minecraft:deepslate_iron_ore":4,"minecraft:gravel":2,"minecraft:stone":24,"minecraft:oak_leaves":8,"minecraft:deepslate":1}},"DataVersion":3839}