{"stats":{"minecraft:killed":{"minecraft:skeleton":1,"minecraft:zombie":1,"minecraft:pig":3,"minecraft:chicken":1,"minecraft:creeper":1,"minecraft:cow":2},"minecraft:used":{"minecraft:stone_sword":29,"minecraft:stone_pickaxe":16,"minecraft:wooden_pickaxe":3,"minecraft:cooked_chicken":1,"minecraft:stone_axe":26,"minecraft:crafting_table":1,"minecraft:furnace":1,"minecraft:cooked_porkchop":3,"minecraft:birch_log":1},"minecraft:custom":{"minecraft:time_since_rest":17443,"minecraft:interact_with_furnace":10,"minecraft:sprint_one_cm":73339,"minecraft:damage_taken":285,"minecraft:walk_one_cm":50699,"minecraft:mob_kills":9,"minecraft:damage_dealt":1235,"minecraft:interact_with_crafting_table":9,"minecraft:fly_one_cm":54685,"minecraft:crouch_one_cm":170,"minecraft:play_time":17443,"minecraft:sneak_time":82,"minecraft:walk_under_water_one_cm":4234,"minecraft:jump":340,"minecraft:time_since_death":17443,"minecraft:walk_on_water_one_cm":2382,"minecraft:total_world_time":17443,"minecraft:fall_one_cm":16647},"minecraft:crafted":{"minecraft:oak_planks":24,"minecraft:cooked_porkchop":4,"minecraft:stick":8,"minecraft:wooden_pickaxe":1,"minecraft:iron_ingot":1,"minecraft:cooked_chicken":1,"minecraft:stone_pickaxe":1,"minecraft:stone_sword":1,"minecraft:furnace":1,"minecraft:stone_axe":1,"minecraft:air":0},"minecraft:picked_up":{"minecraft:birch_log":1,"minecraft:crafting_table":2,"minecraft:raw_iron":1,"minecraft:chicken":1,"minecraft:leather":1,"minecraft:porkchop":4,"minecraft:oak_log":22,"minecraft:arrow":1,"minecraft:rotten_flesh":2,"minecraft:apple":1,"minecraft:beef":4,"minecraft:oak_planks":12,"minecraft:cobblestone":17,"minecraft:furnace":1},"minecraft:mined":{"minecraft:furnace":1,"minecraft:birch_log":1,"minecraft:iron_ore":1,"minecraft:crafting_table":2,"minecraft:short_grass":1,"minecraft:oak_log":23,"minecraft:stone":17,"minecraft:oak_leaves":8}},"DataVersion":3839}