{"stats":{"minecraft:used":{"minecraft:stone_axe":19,"minecraft:stone_pickaxe":7,"minecraft:birch_log":1,"minecraft:wooden_pickaxe":3},"minecraft:custom":{"minecraft:time_since_rest":5443,"minecraft:crouch_one_cm":157,"minecraft:play_time":5443,"minecraft:sprint_one_cm":19110,"minecraft:damage_taken":20,"minecraft:walk_one_cm":9559,"minecraft:sneak_time":35,"minecraft:jump":114,"minecraft:damage_dealt":10,"minecraft:time_since_death":5443,"minecraft:total_world_time":5443,"minecraft:interact_with_crafting_table":6,"minecraft:fall_one_cm":3853,"minecraft:fly_one_cm":15992},"minecraft:crafted":{"minecraft:stone_sword":1,"minecraft:oak_planks":24,"minecraft:stone_axe":1,"minecraft:stick":8,"minecraft:wooden_pickaxe":1,"minecraft:stone_pickaxe":1},"minecraft:picked_up":{"minecraft:birch_log":1,"minecraft:crafting_table":1,"minecraft:oak_log":17,"minecraft:cobblestone":10},"minecraft:mined":{"minecraft:short_grass":1,"minecraft:oak_log":18,"minecraft:birch_log":1,"minecraft:stone":10,"minecraft:oak_leaves":5,"minecraft:crafting_table":1}},"DataVersion":3839}