{"stats":{"minecraft:killed":{"minecraft:pig":10,"minecraft:spider":3,"minecraft:creeper":5,"minecraft:sheep":3,"minecraft:skeleton":3,"minecraft:zombie":4,"minecraft:chicken":1,"minecraft:cow":3},"minecraft:used":{"minecraft:stone_sword":46,"minecraft:stone_pickaxe":34,"minecraft:oak_planks":4,"minecraft:wooden_pickaxe":5,"minecraft:shield":1,"minecraft:iron_sword":56,"minecraft:cooked_chicken":1,"minecraft:crafting_table":5,"minecraft:carrot":1,"minecraft:apple":1,"minecraft:iron_pickaxe":141,"minecraft:stone_axe":41,"minecraft:cobblestone":2,"minecraft:furnace":4,"minecraft:cooked_porkchop":7,"minecraft:birch_log":1,"minecraft:oak_boat":3,"minecraft:cooked_beef":3},"minecraft:custom":{"minecraft:interact_with_furnace":36,"minecraft:mob_kills":33,"minecraft:interact_with_crafting_table":14,"minecraft:leave_game":1,"minecraft:time_since_death":53166,"minecraft:time_since_rest":53166,"minecraft:sprint_one_cm":186366,"minecraft:damage_taken":765,"minecraft:walk_one_cm":134301,"minecraft:damage_blocked_by_shield":20,"minecraft:damage_dealt":4679,"minecraft:swim_one_cm":16495,"minecraft:fly_one_cm":213524,"minecraft:crouch_one_cm":296,"minecraft:play_time":53166,"minecraft:sneak_time":131,"minecraft:walk_under_water_one_cm":14654,"minecraft:boat_one_cm":44649,"minecraft:jump":1270,"minecraft:walk_on_water_one_cm":11951,"minecraft:total_world_time":53166,"minecraft:fall_one_cm":44387},"minecraft:crafted":{"minecraft:cooked_beef":5,"minecraft:oak_planks":88,"minecraft:cooked_porkchop":10,"minecraft:cooked_chicken":1,"minecraft:wooden_pickaxe":1,"minecraft:iron_helmet":1,"minecraft:iron_sword":1,"minecraft:furnace":1,"minecraft:stone_axe":1,"minecraft:air":0,"minecraft:oak_boat":1,"minecraft:shield":1,"minecraft:stick":12,"minecraft:iron_ingot":11,"minecraft:iron_pickaxe":1,"minecraft:stone_pickaxe":1,"minecraft:stone_sword":1,"minecraft:white_bed":1},"minecraft:picked_up":{"minecraft:birch_log":7,"minecraft:crafting_table":6,"minecraft:chicken":1,"minecraft:leather":2,"minecraft:oak_log":22,"minecraft:gunpowder":2,"minecraft:dirt":1,"minecraft:string":4,"minecraft:bone":2,"minecraft:apple":1,"minecraft:wheat_seeds":1,"minecraft:cobbled_deepslate":1,"minecraft:beef":5,"minecraft:iron_ingot":1,"minecraft:oak_boat":3,"minecraft:oak_planks":27,"minecraft:furnace":4,"minecraft:raw_iron":13,"minecraft:gravel":2,"minecraft:porkchop":15,"minecraft:carrot":1,"minecraft:arrow":2,"minecraft:rotten_flesh":4,"minecraft:diamond":6,"minecraft:emerald":1,"minecraft:mutton":3,"minecraft:coal":159,"minecraft:white_wool":3,"minecraft:cobblestone":58},"minecraft:mined":{"minecraft:deepslate_diamond_ore":6,"minecraft:crafting_table":6,"minecraft:short_grass":3,"minecraft:emerald_ore":1,"minecraft:oak_planks":3,"minecraft:furnace":4,"minecraft:birch_log":7,"minecraft:iron_ore":9,"minecraft:ice":1,"minecraft:birch_leaves":1,"minecraft:oak_log":23,"minecraft:coal_ore":91,"minecraft:deepslate_iron_ore":4,"minecraft:gravel":2,"minecraft:dirt":1,"minecraft:stone":58,"minecraft:oak_leaves":8,"minecraft:deepslate":1}},"DataVersion":3839}