{"stats":{"minecraft:killed":{"minecraft:skeleton":3,"minecraft:zombie":1,"minecraft:pig":7,"minecraft:chicken":1,"minecraft:creeper":1,"minecraft:cow":2},"minecraft:used":{"minecraft:stone_sword":46,"minecraft:oak_planks":3,"minecraft:stone_pickaxe":20,"minecraft:iron_pickaxe":20,"minecraft:wooden_pickaxe":5,"minecraft:cooked_chicken":1,"minecraft:stone_axe":37,"minecraft:crafting_table":2,"minecraft:furnace":2,"minecraft:cooked_porkchop":4,"minecraft:birch_log":1,"minecraft:cooked_beef":3},"minecraft:custom":{"minecraft:time_since_rest":29443,"minecraft:interact_with_furnace":17,"minecraft:sprint_one_cm":108661,"minecraft:damage_taken":500,"minecraft:walk_one_cm":80436,"minecraft:mob_kills":15,"minecraft:damage_dealt":1985,"minecraft:interact_with_crafting_table":10,"minecraft:fly_one_cm":102327,"minecraft:crouch_one_cm":200,"minecraft:play_time":29443,"minecraft:sneak_time":102,"minecraft:walk_under_water_one_cm":10111,"minecraft:jump":675,"minecraft:time_since_death":29443,"minecraft:walk_on_water_one_cm":10352,"minecraft:total_world_time":29443,"minecraft:fall_one_cm":26937},"minecraft:picked_up":{"minecraft:birch_log":7,"minecraft:crafting_table":3,"minecraft:raw_iron":7,"minecraft:chicken":1,"minecraft:leather":1,"minecraft:gravel":2,"minecraft:porkchop":10,"minecraft:oak_log":22,"minecraft:bone":2,"minecraft:arrow":2,"minecraft:rotten_flesh":2,"minecraft:apple":1,"minecraft:diamond":6,"minecraft:cobbled_deepslate":1,"minecraft:iron_ingot":1,"minecraft:beef":4,"minecraft:emerald":1,"minecraft:coal":5,"minecraft:oak_planks":27,"minecraft:cobblestone":20,"minecraft:furnace":2},"minecraft:crafted":{"minecraft:cooked_beef":4,"minecraft:oak_planks":88,"minecraft:cooked_porkchop":4,"minecraft:stick":12,"minecraft:iron_pickaxe":1,"minecraft:wooden_pickaxe":1,"minecraft:iron_ingot":4,"minecraft:cooked_chicken":1,"minecraft:stone_pickaxe":1,"minecraft:stone_sword":1,"minecraft:furnace":1,"minecraft:stone_axe":1,"minecraft:air":0},"minecraft:mined":{"minecraft:furnace":2,"minecraft:deepslate_diamond_ore":6,"minecraft:birch_log":7,"minecraft:iron_ore":3,"minecraft:birch_leaves":1,"minecraft:crafting_table":3,"minecraft:short_grass":1,"minecraft:emerald_ore":1,"minecraft:coal_ore":5,"minecraft:oak_log":23,"minecraft:deepslate_iron_ore":4,"minecraft:gravel":2,"minecraft:stone":20,"minecraft:oak_planks":3,"minecraft:deepslate":1,"minecraft:oak_leaves":8}},"DataVersion":3839}