{"stats":{"minecraft:killed":{"minecraft:cave_spider":1,"minecraft:sheep":2,"minecraft:zombie":1},"minecraft:dropped":{"minecraft:birch_boat":2,"minecraft:wooden_pickaxe":1},"minecraft:used":{"minecraft:water_bucket":4,"minecraft:stone_sword":12,"minecraft:birch_planks":3,"minecraft:stone_pickaxe":50,"minecraft:wooden_pickaxe":5,"minecraft:birch_boat":2,"minecraft:mutton":2,"minecraft:crafting_table":5,"minecraft:tuff":1,"minecraft:granite":3,"minecraft:iron_axe":6,"minecraft:iron_pickaxe":78,"minecraft:iron_boots":1,"minecraft:cobblestone":12,"minecraft:furnace":4,"minecraft:oak_sapling":1,"minecraft:bucket":6,"minecraft:cobbled_deepslate":7},"minecraft:custom":{"minecraft:interact_with_furnace":43,"minecraft:mob_kills":4,"minecraft:interact_with_crafting_table":14,"minecraft:time_since_death":17846,"minecraft:time_since_rest":17846,"minecraft:sprint_one_cm":23184,"minecraft:damage_taken":45,"minecraft:walk_one_cm":51586,"minecraft:drop":3,"minecraft:damage_dealt":479,"minecraft:swim_one_cm":6054,"minecraft:fly_one_cm":9167,"minecraft:open_chest":2,"minecraft:crouch_one_cm":4659,"minecraft:play_time":17846,"minecraft:sneak_time":1450,"minecraft:walk_under_water_one_cm":2031,"minecraft:boat_one_cm":58302,"minecraft:jump":127,"minecraft:walk_on_water_one_cm":863,"minecraft:total_world_time":17846,"minecraft:fall_one_cm":2158},"minecraft:crafted":{"minecraft:oak_planks":64,"minecraft:crafting_table":3,"minecraft:wooden_pickaxe":1,"minecraft:birch_boat":4,"minecraft:iron_helmet":1,"minecraft:furnace":2,"minecraft:bucket":1,"minecraft:birch_planks":24,"minecraft:air":0,"minecraft:iron_boots":1,"minecraft:iron_chestplate":1,"minecraft:shield":1,"minecraft:iron_axe":1,"minecraft:stick":12,"minecraft:iron_ingot":37,"minecraft:iron_pickaxe":2,"minecraft:stone_pickaxe":1,"minecraft:stone_sword":1,"minecraft:iron_leggings":1},"minecraft:picked_up":{"minecraft:birch_log":6,"minecraft:crafting_table":2,"minecraft:tuff":1,"minecraft:oak_log":16,"minecraft:string":2,"minecraft:cobbled_deepslate":8,"minecraft:raw_gold":6,"minecraft:bucket":1,"minecraft:iron_ingot":2,"minecraft:sugar_cane":5,"minecraft:furnace":4,"minecraft:stick":1,"minecraft:raw_iron":40,"minecraft:spider_eye":1,"minecraft:granite":3,"minecraft:oak_sapling":1,"minecraft:mutton":2,"minecraft:coal":32,"minecraft:white_wool":2,"minecraft:cobblestone":38},"minecraft:mined":{"minecraft:tuff":1,"minecraft:crafting_table":2,"minecraft:granite":3,"minecraft:short_grass":1,"minecraft:deepslate_gold_ore":6,"minecraft:sugar_cane":2,"minecraft:furnace":4,"minecraft:birch_log":6,"minecraft:iron_ore":21,"minecraft:oak_log":16,"minecraft:coal_ore":32,"minecraft:deepslate_iron_ore":19,"minecraft:stone":38,"minecraft:oak_leaves":2,"minecraft:deepslate":8}},"DataVersion":3839}