{"stats":{"minecraft:killed":{"minecraft:cave_spider":1,"minecraft:pig":4,"minecraft:sheep":11,"minecraft:zombie":1,"minecraft:cow":4},"minecraft:dropped":{"minecraft:wheat_seeds":2,"minecraft:cooked_beef":2,"minecraft:poisonous_potato":6,"minecraft:filled_map":1,"minecraft:birch_boat":2,"minecraft:wooden_pickaxe":1},"minecraft:used":{"minecraft:water_bucket":6,"minecraft:stone_sword":48,"minecraft:birch_planks":3,"minecraft:stone_pickaxe":50,"minecraft:wooden_pickaxe":5,"minecraft:birch_boat":5,"minecraft:dirt":3,"minecraft:mutton":4,"minecraft:crafting_table":5,"minecraft:tuff":1,"minecraft:granite":3,"minecraft:milk_bucket":1,"minecraft:lava_bucket":12,"minecraft:iron_axe":38,"minecraft:brown_wool":1,"minecraft:map":1,"minecraft:iron_pickaxe":107,"minecraft:iron_boots":1,"minecraft:cobblestone":12,"minecraft:beef":3,"minecraft:sweet_berries":2,"minecraft:furnace":4,"minecraft:oak_sapling":1,"minecraft:cooked_porkchop":3,"minecraft:bucket":20,"minecraft:cooked_beef":1,"minecraft:cobbled_deepslate":7},"minecraft:custom":{"minecraft:interact_with_furnace":43,"minecraft:mob_kills":21,"minecraft:interact_with_crafting_table":14,"minecraft:bell_ring":1,"minecraft:leave_game":1,"minecraft:time_since_death":39701,"minecraft:sleep_in_bed":1,"minecraft:time_since_rest":60,"minecraft:sprint_one_cm":137244,"minecraft:damage_taken":200,"minecraft:walk_one_cm":86893,"minecraft:drop":13,"minecraft:damage_dealt":1760,"minecraft:swim_one_cm":15063,"minecraft:fly_one_cm":206468,"minecraft:open_chest":3,"minecraft:crouch_one_cm":4784,"minecraft:play_time":39701,"minecraft:sneak_time":1497,"minecraft:walk_under_water_one_cm":4108,"minecraft:boat_one_cm":218752,"minecraft:jump":895,"minecraft:walk_on_water_one_cm":3439,"minecraft:total_world_time":39701,"minecraft:fall_one_cm":26689},"minecraft:crafted":{"minecraft:oak_planks":64,"minecraft:crafting_table":3,"minecraft:wooden_pickaxe":1,"minecraft:birch_boat":4,"minecraft:iron_helmet":1,"minecraft:furnace":2,"minecraft:bucket":1,"minecraft:birch_planks":24,"minecraft:air":0,"minecraft:iron_boots":1,"minecraft:iron_chestplate":1,"minecraft:shield":1,"minecraft:iron_axe":1,"minecraft:stick":12,"minecraft:iron_ingot":37,"minecraft:iron_pickaxe":2,"minecraft:stone_pickaxe":1,"minecraft:stone_sword":1,"minecraft:iron_leggings":1},"minecraft:picked_up":{"minecraft:birch_log":6,"minecraft:crafting_table":2,"minecraft:cooked_beef":3,"minecraft:brown_wool":1,"minecraft:leather":6,"minecraft:tuff":1,"minecraft:oak_log":21,"minecraft:dirt":3,"minecraft:string":2,"minecraft:cooked_mutton":4,"minecraft:wheat_seeds":2,"minecraft:cobbled_deepslate":8,"minecraft:raw_gold":6,"minecraft:bucket":1,"minecraft:beef":5,"minecraft:iron_ingot":2,"minecraft:sugar_cane":9,"minecraft:furnace":4,"minecraft:stick":1,"minecraft:raw_iron":40,"minecraft:pumpkin":10,"minecraft:cooked_porkchop":6,"minecraft:birch_boat":4,"minecraft:sweet_berries":54,"minecraft:spider_eye":1,"minecraft:granite":3,"minecraft:oak_sapling":1,"minecraft:mutton":14,"minecraft:coal":54,"minecraft:white_wool":10,"minecraft:cobblestone":44},"minecraft:mined":{"minecraft:tuff":1,"minecraft:crafting_table":2,"minecraft:granite":3,"minecraft:short_grass":31,"minecraft:grass_block":3,"minecraft:tall_grass":3,"minecraft:deepslate_gold_ore":6,"minecraft:sugar_cane":4,"minecraft:furnace":4,"minecraft:sweet_berry_bush":3,"minecraft:birch_log":6,"minecraft:iron_ore":21,"minecraft:pumpkin":10,"minecraft:oak_log":21,"minecraft:coal_ore":54,"minecraft:deepslate_iron_ore":19,"minecraft:stone":45,"minecraft:oak_leaves":4,"minecraft:deepslate":8}},"DataVersion":3839}