{"stats":{"minecraft:killed":{"minecraft:sheep":2,"minecraft:zombie":1},"minecraft:dropped":{"minecraft:wooden_pickaxe":1},"minecraft:used":{"minecraft:stone_sword":9,"minecraft:stone_pickaxe":46,"minecraft:wooden_pickaxe":5,"minecraft:cobblestone":8,"minecraft:mutton":1,"minecraft:crafting_table":2,"minecraft:oak_sapling":1,"minecraft:furnace":2,"minecraft:granite":3},"minecraft:custom":{"minecraft:time_since_rest":5846,"minecraft:interact_with_furnace":2,"minecraft:sprint_one_cm":3620,"minecraft:damage_taken":35,"minecraft:walk_one_cm":23087,"minecraft:mob_kills":3,"minecraft:drop":1,"minecraft:damage_dealt":359,"minecraft:interact_with_crafting_table":4,"minecraft:fly_one_cm":3073,"minecraft:crouch_one_cm":1344,"minecraft:play_time":5846,"minecraft:sneak_time":573,"minecraft:jump":41,"minecraft:time_since_death":5846,"minecraft:total_world_time":5846,"minecraft:fall_one_cm":1080},"minecraft:crafted":{"minecraft:oak_planks":64,"minecraft:crafting_table":2,"minecraft:stick":4,"minecraft:wooden_pickaxe":1,"minecraft:stone_pickaxe":1,"minecraft:stone_sword":1,"minecraft:furnace":2},"minecraft:picked_up":{"minecraft:stick":1,"minecraft:raw_iron":15,"minecraft:oak_log":16,"minecraft:granite":3,"minecraft:oak_sapling":1,"minecraft:mutton":2,"minecraft:white_wool":2,"minecraft:cobblestone":33},"minecraft:mined":{"minecraft:iron_ore":15,"minecraft:granite":3,"minecraft:short_grass":1,"minecraft:oak_log":16,"minecraft:stone":33,"minecraft:oak_leaves":2}},"DataVersion":3839}