{"stats":{"minecraft:killed":{"minecraft:zombie":2},"minecraft:used":{"minecraft:wooden_axe":41,"minecraft:wooden_sword":6,"minecraft:crafting_table":1,"minecraft:birch_planks":6,"minecraft:wooden_pickaxe":14},"minecraft:custom":{"minecraft:time_since_rest":10212,"minecraft:play_time":10212,"minecraft:sprint_one_cm":8953,"minecraft:damage_taken":130,"minecraft:walk_one_cm":16813,"minecraft:mob_kills":2,"minecraft:jump":119,"minecraft:damage_dealt":230,"minecraft:time_since_death":10212,"minecraft:total_world_time":10212,"minecraft:fall_one_cm":1918,"minecraft:interact_with_crafting_table":1,"minecraft:fly_one_cm":15108},"minecraft:crafted":{"minecraft:wooden_sword":1,"minecraft:oak_planks":76,"minecraft:birch_planks":84,"minecraft:crafting_table":1,"minecraft:stick":8,"minecraft:wooden_pickaxe":1,"minecraft:wooden_axe":1},"minecraft:picked_up":{"minecraft:birch_log":21,"minecraft:crafting_table":1,"minecraft:rotten_flesh":4,"minecraft:birch_planks":6,"minecraft:oak_log":19,"minecraft:coal":13,"minecraft:birch_sapling":1,"minecraft:cobblestone":1},"minecraft:mined":{"minecraft:coal_ore":13,"minecraft:birch_planks":6,"minecraft:oak_log":19,"minecraft:birch_log":21,"minecraft:stone":1,"minecraft:birch_leaves":5,"minecraft:oak_leaves":4,"minecraft:crafting_table":1}},"DataVersion":3839}