{"stats":{"minecraft:killed":{"minecraft:sheep":4,"minecraft:zombie":4,"minecraft:pig":1,"minecraft:chicken":3,"minecraft:cow":2},"minecraft:broken":{"minecraft:golden_pickaxe":1,"minecraft:wooden_axe":1},"minecraft:used":{"minecraft:wooden_axe":55,"minecraft:birch_planks":9,"minecraft:wooden_pickaxe":33,"minecraft:wooden_sword":42,"minecraft:dirt":6,"minecraft:mutton":5,"minecraft:beef":5,"minecraft:crafting_table":3,"minecraft:porkchop":2,"minecraft:potato":1,"minecraft:golden_pickaxe":32},"minecraft:custom":{"minecraft:time_since_rest":22212,"minecraft:sprint_one_cm":40855,"minecraft:damage_taken":209,"minecraft:walk_one_cm":45723,"minecraft:mob_kills":14,"minecraft:damage_dealt":1329,"minecraft:interact_with_crafting_table":3,"minecraft:fly_one_cm":44921,"minecraft:open_chest":1,"minecraft:play_time":22212,"minecraft:sneak_time":4,"minecraft:jump":298,"minecraft:time_since_death":22212,"minecraft:total_world_time":22212,"minecraft:fall_one_cm":4072},"minecraft:crafted":{"minecraft:wooden_sword":1,"minecraft:oak_planks":76,"minecraft:crafting_table":1,"minecraft:stick":8,"minecraft:wooden_pickaxe":1,"minecraft:wooden_axe":1,"minecraft:birch_planks":84},"minecraft:picked_up":{"minecraft:birch_log":21,"minecraft:chicken":3,"minecraft:magma_block":2,"minecraft:crafting_table":2,"minecraft:feather":6,"minecraft:leather":1,"minecraft:potato":1,"minecraft:birch_planks":9,"minecraft:porkchop":3,"minecraft:oak_log":25,"minecraft:dirt":9,"minecraft:rotten_flesh":6,"minecraft:wheat_seeds":1,"minecraft:beef":5,"minecraft:netherrack":4,"minecraft:black_wool":1,"minecraft:birch_sapling":2,"minecraft:mutton":5,"minecraft:coal":31,"minecraft:white_wool":3,"minecraft:cobblestone":26},"minecraft:mined":{"minecraft:birch_planks":9,"minecraft:magma_block":2,"minecraft:birch_log":21,"minecraft:birch_leaves":8,"minecraft:crafting_table":2,"minecraft:short_grass":5,"minecraft:grass_block":1,"minecraft:oak_log":25,"minecraft:coal_ore":31,"minecraft:dirt":8,"minecraft:stone":26,"minecraft:netherrack":5,"minecraft:oak_leaves":8}},"DataVersion":3839}