{"stats":{"minecraft:crafted":{"minecraft:oak_planks":72,"minecraft:cooked_porkchop":2,"minecraft:crafting_table":2,"minecraft:spruce_planks":180,"minecraft:iron_helmet":1,"minecraft:wooden_pickaxe":1,"minecraft:furnace":2,"minecraft:cooked_salmon":7,"minecraft:stone_axe":1,"minecraft:cooked_mutton":4,"minecraft:air":0,"minecraft:iron_boots":1,"minecraft:iron_chestplate":1,"minecraft:shield":1,"minecraft:iron_axe":1,"minecraft:stick":408,"minecraft:iron_ingot":45,"minecraft:iron_pickaxe":2,"minecraft:stone_pickaxe":1,"minecraft:chest":3,"minecraft:iron_shovel":5,"minecraft:iron_leggings":1,"minecraft:torch":48},"minecraft:dropped":{"minecraft:stone_axe":1,"minecraft:moss_block":1,"minecraft:raw_iron":19,"minecraft:oak_fence":2,"minecraft:apple":1,"minecraft:granite":2,"minecraft:coal":13,"minecraft:dirt":5,"minecraft:andesite":3,"minecraft:cooked_salmon":4,"minecraft:wooden_pickaxe":1,"minecraft:iron_shovel":3,"minecraft:white_wool":3,"minecraft:smooth_basalt":1},"minecraft:picked_up":{"minecraft:crafting_table":8,"minecraft:clay_ball":16,"minecraft:andesite":3,"minecraft:salmon":14,"minecraft:oak_log":18,"minecraft:shield":1,"minecraft:lapis_lazuli":43,"minecraft:dirt":544,"minecraft:blue_bed":1,"minecraft:raw_copper":23,"minecraft:cooked_salmon":3,"minecraft:smooth_stone_slab":4,"minecraft:cooked_mutton":1,"minecraft:iron_shovel":1,"minecraft:bone":9,"minecraft:apple":3,"minecraft:bow":1,"minecraft:wheat_seeds":2,"minecraft:cobbled_deepslate":3,"minecraft:raw_gold":2,"minecraft:stone_pickaxe":1,"minecraft:oak_boat":2,"minecraft:moss_block":1,"minecraft:birch_sapling":1,"minecraft:oak_planks":68,"minecraft:furnace":7,"minecraft:stick":20,"minecraft:raw_iron":75,"minecraft:smooth_basalt":1,"minecraft:birch_boat":3,"minecraft:sweet_berries":72,"minecraft:oak_fence":2,"minecraft:gravel":1,"minecraft:spruce_fence":1,"minecraft:porkchop":3,"minecraft:spruce_sapling":34,"minecraft:spruce_log":45,"minecraft:arrow":13,"minecraft:rotten_flesh":6,"minecraft:stone_axe":1,"minecraft:granite":2,"minecraft:oak_sapling":4,"minecraft:mutton":5,"minecraft:coal":92,"minecraft:white_wool":5,"minecraft:cobblestone":151},"minecraft:broken":{"minecraft:stone_pickaxe":1,"minecraft:iron_shovel":2},"minecraft:killed":{"minecraft:pig":2,"minecraft:salmon":7,"minecraft:skeleton":7,"minecraft:sheep":3,"minecraft:zombie":7},"minecraft:custom":{"minecraft:interact_with_furnace":40,"minecraft:mob_kills":26,"minecraft:interact_with_crafting_table":32,"minecraft:leave_game":9,"minecraft:time_since_death":132578,"minecraft:sleep_in_bed":6,"minecraft:time_since_rest":5173,"minecraft:sprint_one_cm":226775,"minecraft:damage_taken":1276,"minecraft:walk_one_cm":340980,"minecraft:damage_blocked_by_shield":460,"minecraft:drop":55,"minecraft:damage_dealt":3510,"minecraft:talked_to_villager":2,"minecraft:swim_one_cm":16580,"minecraft:fly_one_cm":203139,"minecraft:open_chest":25,"minecraft:crouch_one_cm":6372,"minecraft:play_time":169448,"minecraft:sneak_time":2297,"minecraft:deaths":1,"minecraft:walk_under_water_one_cm":22455,"minecraft:boat_one_cm":225764,"minecraft:jump":1444,"minecraft:walk_on_water_one_cm":29124,"minecraft:total_world_time":169448,"minecraft:interact_with_smoker":1,"minecraft:fall_one_cm":35073},"minecraft:mined":{"minecraft:podzol":38,"minecraft:clay":5,"minecraft:oak_fence":2,"minecraft:crafting_table":7,"minecraft:granite":2,"minecraft:short_grass":1,"minecraft:grass_block":164,"minecraft:spruce_fence":1,"minecraft:copper_ore":9,"minecraft:cobblestone":1,"minecraft:spruce_leaves":37,"minecraft:lapis_ore":12,"minecraft:moss_block":1,"minecraft:diorite":3,"minecraft:blue_bed":1,"minecraft:large_fern":3,"minecraft:furnace":6,"minecraft:wheat":2,"minecraft:iron_ore":70,"minecraft:sweet_berry_bush":4,"minecraft:spruce_log":45,"minecraft:birch_leaves":1,"minecraft:andesite":3,"minecraft:smooth_stone_slab":3,"minecraft:oak_log":19,"minecraft:coal_ore":84,"minecraft:deepslate_iron_ore":2,"minecraft:dirt_path":7,"minecraft:dirt":333,"minecraft:smooth_basalt":2,"minecraft:stone":159,"minecraft:gold_ore":2,"minecraft:oak_leaves":4,"minecraft:deepslate":3,"minecraft:fern":1},"minecraft:used":{"minecraft:wheat_seeds":2,"minecraft:cooked_mutton":4,"minecraft:iron_shovel":500,"minecraft:stone_pickaxe":131,"minecraft:chest":3,"minecraft:wooden_pickaxe":11,"minecraft:birch_boat":2,"minecraft:shield":11,"minecraft:cooked_salmon":6,"minecraft:blue_bed":1,"minecraft:iron_chestplate":2,"minecraft:torch":42,"minecraft:dirt":308,"minecraft:mutton":1,"minecraft:crafting_table":9,"minecraft:apple":2,"minecraft:iron_pickaxe":223,"minecraft:iron_axe":129,"minecraft:bread":1,"minecraft:birch_sapling":1,"minecraft:iron_helmet":2,"minecraft:iron_boots":2,"minecraft:spruce_sapling":34,"minecraft:gravel":1,"minecraft:stone_axe":56,"minecraft:cobblestone":45,"minecraft:bow":1,"minecraft:sweet_berries":27,"minecraft:oak_sapling":4,"minecraft:furnace":8,"minecraft:cooked_porkchop":2,"minecraft:smooth_stone_slab":4,"minecraft:oak_boat":1,"minecraft:iron_leggings":2}},"DataVersion":3839}