{"stats":{"minecraft:killed":{"minecraft:skeleton":1,"minecraft:sheep":2,"minecraft:zombie":1,"minecraft:salmon":7},"minecraft:dropped":{"minecraft:dirt":1,"minecraft:apple":1,"minecraft:wooden_pickaxe":1},"minecraft:used":{"minecraft:cooked_mutton":3,"minecraft:apple":2,"minecraft:stone_pickaxe":50,"minecraft:birch_sapling":1,"minecraft:shield":2,"minecraft:wooden_pickaxe":11,"minecraft:torch":9,"minecraft:stone_axe":39,"minecraft:cobblestone":7,"minecraft:crafting_table":2,"minecraft:furnace":1,"minecraft:oak_sapling":4},"minecraft:custom":{"minecraft:time_since_rest":6847,"minecraft:interact_with_furnace":5,"minecraft:sprint_one_cm":46340,"minecraft:damage_taken":604,"minecraft:walk_one_cm":50618,"minecraft:damage_blocked_by_shield":55,"minecraft:mob_kills":11,"minecraft:drop":3,"minecraft:damage_dealt":771,"minecraft:swim_one_cm":8523,"minecraft:interact_with_crafting_table":9,"minecraft:fly_one_cm":46888,"minecraft:deaths":1,"minecraft:crouch_one_cm":2640,"minecraft:play_time":43672,"minecraft:sneak_time":836,"minecraft:walk_under_water_one_cm":12692,"minecraft:jump":314,"minecraft:leave_game":4,"minecraft:walk_on_water_one_cm":7423,"minecraft:time_since_death":6802,"minecraft:total_world_time":43672,"minecraft:fall_one_cm":14093},"minecraft:crafted":{"minecraft:oak_planks":72,"minecraft:shield":1,"minecraft:crafting_table":1,"minecraft:stick":20,"minecraft:iron_ingot":1,"minecraft:wooden_pickaxe":1,"minecraft:stone_pickaxe":1,"minecraft:furnace":1,"minecraft:torch":32,"minecraft:stone_axe":1,"minecraft:air":0,"minecraft:cooked_mutton":4},"minecraft:picked_up":{"minecraft:stick":2,"minecraft:crafting_table":3,"minecraft:raw_iron":4,"minecraft:salmon":14,"minecraft:oak_log":18,"minecraft:shield":1,"minecraft:dirt":1,"minecraft:cooked_mutton":1,"minecraft:bone":2,"minecraft:arrow":4,"minecraft:rotten_flesh":2,"minecraft:apple":3,"minecraft:stone_axe":1,"minecraft:stone_pickaxe":1,"minecraft:oak_planks":55,"minecraft:oak_sapling":4,"minecraft:birch_sapling":1,"minecraft:mutton":4,"minecraft:coal":18,"minecraft:white_wool":4,"minecraft:cobblestone":41,"minecraft:furnace":2},"minecraft:mined":{"minecraft:furnace":1,"minecraft:iron_ore":4,"minecraft:crafting_table":2,"minecraft:oak_log":19,"minecraft:grass_block":1,"minecraft:coal_ore":18,"minecraft:dirt":1,"minecraft:stone":35,"minecraft:diorite":3,"minecraft:oak_leaves":4}},"DataVersion":3839}