{"stats":{"minecraft:killed":{"minecraft:skeleton":2,"minecraft:sheep":2,"minecraft:zombie":1,"minecraft:salmon":7},"minecraft:dropped":{"minecraft:dirt":1,"minecraft:apple":1,"minecraft:wooden_pickaxe":1},"minecraft:used":{"minecraft:cooked_mutton":4,"minecraft:apple":2,"minecraft:stone_pickaxe":125,"minecraft:birch_sapling":1,"minecraft:iron_pickaxe":8,"minecraft:shield":3,"minecraft:wooden_pickaxe":11,"minecraft:torch":17,"minecraft:stone_axe":53,"minecraft:cobblestone":12,"minecraft:crafting_table":4,"minecraft:furnace":3,"minecraft:oak_sapling":4,"minecraft:iron_leggings":1},"minecraft:custom":{"minecraft:time_since_rest":18847,"minecraft:interact_with_furnace":14,"minecraft:sprint_one_cm":46834,"minecraft:damage_taken":656,"minecraft:walk_one_cm":60077,"minecraft:damage_blocked_by_shield":85,"minecraft:mob_kills":12,"minecraft:drop":3,"minecraft:damage_dealt":969,"minecraft:swim_one_cm":11145,"minecraft:interact_with_crafting_table":12,"minecraft:fly_one_cm":47383,"minecraft:deaths":1,"minecraft:crouch_one_cm":3012,"minecraft:play_time":55672,"minecraft:sneak_time":1132,"minecraft:walk_under_water_one_cm":16508,"minecraft:jump":366,"minecraft:leave_game":4,"minecraft:walk_on_water_one_cm":14707,"minecraft:time_since_death":18802,"minecraft:total_world_time":55672,"minecraft:fall_one_cm":14840},"minecraft:crafted":{"minecraft:oak_planks":72,"minecraft:shield":1,"minecraft:crafting_table":1,"minecraft:stick":20,"minecraft:iron_pickaxe":1,"minecraft:iron_ingot":11,"minecraft:wooden_pickaxe":1,"minecraft:stone_pickaxe":1,"minecraft:cooked_salmon":7,"minecraft:iron_leggings":1,"minecraft:furnace":1,"minecraft:torch":32,"minecraft:stone_axe":1,"minecraft:air":0,"minecraft:cooked_mutton":4},"minecraft:picked_up":{"minecraft:stick":2,"minecraft:crafting_table":5,"minecraft:raw_iron":13,"minecraft:salmon":14,"minecraft:oak_log":18,"minecraft:shield":1,"minecraft:lapis_lazuli":35,"minecraft:dirt":1,"minecraft:cooked_mutton":1,"minecraft:bone":4,"minecraft:arrow":6,"minecraft:rotten_flesh":2,"minecraft:apple":3,"minecraft:stone_axe":1,"minecraft:cobbled_deepslate":3,"minecraft:stone_pickaxe":1,"minecraft:oak_planks":55,"minecraft:oak_sapling":4,"minecraft:birch_sapling":1,"minecraft:mutton":4,"minecraft:coal":60,"minecraft:white_wool":4,"minecraft:cobblestone":61,"minecraft:furnace":4},"minecraft:mined":{"minecraft:furnace":3,"minecraft:iron_ore":11,"minecraft:crafting_table":4,"minecraft:deepslate_iron_ore":2,"minecraft:oak_log":19,"minecraft:grass_block":1,"minecraft:coal_ore":60,"minecraft:dirt":1,"minecraft:lapis_ore":7,"minecraft:stone":55,"minecraft:deepslate":3,"minecraft:diorite":3,"minecraft:oak_leaves":4}},"DataVersion":3839}