{"stats":{"minecraft:killed":{"minecraft:cave_spider":1,"minecraft:spider":5,"minecraft:skeleton":12,"minecraft:pig":2,"minecraft:salmon":7,"minecraft:sheep":3,"minecraft:zombie":13},"minecraft:broken":{"minecraft:iron_shovel":2,"minecraft:stone_pickaxe":1,"minecraft:iron_axe":3,"minecraft:stone_axe":1},"minecraft:dropped":{"minecraft:bread":24,"minecraft:moss_block":1,"minecraft:wheat_seeds":1,"minecraft:oak_fence":2,"minecraft:apple":1,"minecraft:granite":2,"minecraft:grass_block":1,"minecraft:coal":13,"minecraft:stick":3,"minecraft:dirt":5,"minecraft:diorite":2,"minecraft:cooked_salmon":4,"minecraft:iron_axe":1,"minecraft:iron_shovel":3,"minecraft:white_wool":3,"minecraft:redstone":1,"minecraft:smooth_basalt":1,"minecraft:gravel":5,"minecraft:stone_axe":1,"minecraft:sweet_berries":24,"minecraft:pointed_dripstone":2,"minecraft:stone_shovel":20,"minecraft:raw_iron":19,"minecraft:spruce_fence":1,"minecraft:spruce_boat":1,"minecraft:andesite":5,"minecraft:spider_eye":1,"minecraft:bow":2,"minecraft:stone_pickaxe":2,"minecraft:wooden_pickaxe":1},"minecraft:custom":{"minecraft:mob_kills":44,"minecraft:interact_with_crafting_table":46,"minecraft:leave_game":12,"minecraft:time_since_death":293434,"minecraft:climb_one_cm":315,"minecraft:sprint_one_cm":464825,"minecraft:walk_one_cm":761547,"minecraft:damage_blocked_by_shield":1662,"minecraft:drop":143,"minecraft:talked_to_villager":76,"minecraft:play_time":330304,"minecraft:deaths":1,"minecraft:sneak_time":3262,"minecraft:walk_under_water_one_cm":31940,"minecraft:boat_one_cm":262536,"minecraft:jump":2923,"minecraft:walk_on_water_one_cm":34224,"minecraft:total_world_time":330304,"minecraft:interact_with_furnace":44,"minecraft:traded_with_villager":233,"minecraft:sleep_in_bed":18,"minecraft:time_since_rest":4596,"minecraft:damage_taken":2144,"minecraft:damage_absorbed":40,"minecraft:damage_dealt":6525,"minecraft:swim_one_cm":24216,"minecraft:fly_one_cm":396698,"minecraft:open_chest":45,"minecraft:crouch_one_cm":8241,"minecraft:interact_with_smoker":1,"minecraft:fall_one_cm":57840},"minecraft:used":{"minecraft:stone_sword":75,"minecraft:iron_shovel":595,"minecraft:spruce_planks":4,"minecraft:chest":3,"minecraft:shield":39,"minecraft:cooked_salmon":6,"minecraft:iron_chestplate":2,"minecraft:torch":134,"minecraft:dirt":528,"minecraft:mutton":1,"minecraft:iron_axe":945,"minecraft:birch_sapling":1,"minecraft:iron_helmet":2,"minecraft:iron_boots":2,"minecraft:bow":5,"minecraft:sweet_berries":28,"minecraft:furnace":8,"minecraft:oak_sapling":4,"minecraft:iron_leggings":2,"minecraft:wheat_seeds":3,"minecraft:cooked_mutton":4,"minecraft:stone_pickaxe":180,"minecraft:birch_boat":3,"minecraft:wooden_pickaxe":11,"minecraft:fletching_table":3,"minecraft:blue_bed":1,"minecraft:golden_apple":1,"minecraft:crafting_table":12,"minecraft:spruce_log":1,"minecraft:apple":2,"minecraft:bread":29,"minecraft:iron_pickaxe":407,"minecraft:spruce_sapling":72,"minecraft:gravel":1,"minecraft:stone_axe":126,"minecraft:cobblestone":45,"minecraft:purple_bed":6,"minecraft:cooked_porkchop":2,"minecraft:bucket":1,"minecraft:smooth_stone_slab":5,"minecraft:oak_boat":7,"minecraft:bone_meal":18},"minecraft:crafted":{"minecraft:oak_planks":72,"minecraft:stone_shovel":20,"minecraft:furnace":2,"minecraft:bone_meal":18,"minecraft:cooked_mutton":4,"minecraft:bow":2,"minecraft:iron_boots":1,"minecraft:iron_axe":4,"minecraft:stone_pickaxe":4,"minecraft:chest":3,"minecraft:emerald":196,"minecraft:cooked_porkchop":2,"minecraft:crafting_table":5,"minecraft:spruce_planks":3132,"minecraft:wooden_pickaxe":1,"minecraft:iron_helmet":1,"minecraft:bell":2,"minecraft:cooked_salmon":7,"minecraft:fletching_table":1,"minecraft:bucket":1,"minecraft:stone_axe":2,"minecraft:bread":60,"minecraft:air":0,"minecraft:iron_chestplate":1,"minecraft:shield":1,"minecraft:stick":6160,"minecraft:iron_ingot":45,"minecraft:iron_pickaxe":2,"minecraft:stone_sword":1,"minecraft:iron_shovel":5,"minecraft:iron_leggings":1,"minecraft:torch":128},"minecraft:picked_up":{"minecraft:crafting_table":8,"minecraft:wheat":1,"minecraft:clay_ball":16,"minecraft:shield":1,"minecraft:string":27,"minecraft:raw_copper":23,"minecraft:cooked_salmon":3,"minecraft:smooth_stone_slab":5,"minecraft:iron_shovel":1,"minecraft:cobbled_deepslate":3,"minecraft:spruce_planks":2,"minecraft:oak_boat":7,"minecraft:birch_sapling":1,"minecraft:furnace":7,"minecraft:raw_iron":128,"minecraft:stick":57,"minecraft:oak_fence":2,"minecraft:torch":5,"minecraft:spruce_fence":1,"minecraft:porkchop":3,"minecraft:pointed_dripstone":2,"minecraft:diorite":2,"minecraft:carrot":1,"minecraft:redstone":11,"minecraft:rotten_flesh":17,"minecraft:arrow":17,"minecraft:mutton":5,"minecraft:rail":19,"minecraft:white_wool":5,"minecraft:cobblestone":216,"minecraft:salmon":14,"minecraft:andesite":5,"minecraft:oak_log":18,"minecraft:blue_bed":1,"minecraft:lapis_lazuli":87,"minecraft:dirt":637,"minecraft:cooked_mutton":1,"minecraft:bone":13,"minecraft:apple":3,"minecraft:bow":2,"minecraft:wheat_seeds":6,"minecraft:raw_gold":3,"minecraft:stone_pickaxe":1,"minecraft:fletching_table":2,"minecraft:moss_block":1,"minecraft:oak_planks":70,"minecraft:smooth_basalt":1,"minecraft:birch_boat":4,"minecraft:sweet_berries":75,"minecraft:gravel":6,"minecraft:spruce_sapling":83,"minecraft:grass_block":1,"minecraft:spruce_log":784,"minecraft:spider_eye":1,"minecraft:purple_bed":7,"minecraft:stone_axe":1,"minecraft:spruce_boat":1,"minecraft:granite":2,"minecraft:bread":3,"minecraft:oak_sapling":4,"minecraft:coal":150,"minecraft:ender_pearl":1},"minecraft:mined":{"minecraft:spruce_planks":2,"minecraft:glow_lichen":1,"minecraft:granite":2,"minecraft:grass_block":165,"minecraft:spruce_fence":1,"minecraft:spruce_leaves":154,"minecraft:moss_block":1,"minecraft:spawner":1,"minecraft:large_fern":5,"minecraft:redstone_ore":2,"minecraft:spruce_sapling":7,"minecraft:furnace":6,"minecraft:iron_ore":123,"minecraft:andesite":5,"minecraft:fletching_table":2,"minecraft:pointed_dripstone":2,"minecraft:deepslate_iron_ore":2,"minecraft:dirt_path":7,"minecraft:rail":18,"minecraft:stone":226,"minecraft:podzol":38,"minecraft:oak_fence":2,"minecraft:clay":5,"minecraft:crafting_table":7,"minecraft:torch":3,"minecraft:short_grass":1,"minecraft:copper_ore":9,"minecraft:cobblestone":1,"minecraft:lapis_ore":19,"minecraft:oak_planks":3,"minecraft:wall_torch":1,"minecraft:diorite":9,"minecraft:blue_bed":1,"minecraft:purple_bed":7,"minecraft:wheat":3,"minecraft:sweet_berry_bush":6,"minecraft:spruce_log":793,"minecraft:birch_leaves":1,"minecraft:smooth_stone_slab":4,"minecraft:oak_log":19,"minecraft:coal_ore":141,"minecraft:dirt":441,"minecraft:cobweb":17,"minecraft:smooth_basalt":2,"minecraft:gold_ore":3,"minecraft:oak_leaves":4,"minecraft:deepslate":3,"minecraft:fern":2}},"DataVersion":3839}