{"stats":{"minecraft:killed":{"minecraft:salmon":7,"minecraft:sheep":2,"minecraft:skeleton":2,"minecraft:zombie":2},"minecraft:dropped":{"minecraft:stone_axe":1,"minecraft:apple":1,"minecraft:dirt":1,"minecraft:wooden_pickaxe":1},"minecraft:broken":{"minecraft:stone_pickaxe":1},"minecraft:custom":{"minecraft:interact_with_furnace":31,"minecraft:mob_kills":13,"minecraft:interact_with_crafting_table":21,"minecraft:leave_game":4,"minecraft:time_since_death":30802,"minecraft:time_since_rest":30847,"minecraft:sprint_one_cm":53354,"minecraft:damage_taken":698,"minecraft:walk_one_cm":82442,"minecraft:damage_blocked_by_shield":85,"minecraft:drop":4,"minecraft:damage_dealt":1170,"minecraft:swim_one_cm":11422,"minecraft:fly_one_cm":52103,"minecraft:crouch_one_cm":3120,"minecraft:play_time":67672,"minecraft:deaths":1,"minecraft:sneak_time":1249,"minecraft:walk_under_water_one_cm":18780,"minecraft:jump":487,"minecraft:walk_on_water_one_cm":24532,"minecraft:total_world_time":67672,"minecraft:fall_one_cm":16077},"minecraft:used":{"minecraft:cooked_mutton":4,"minecraft:stone_pickaxe":131,"minecraft:wooden_pickaxe":11,"minecraft:shield":3,"minecraft:cooked_salmon":1,"minecraft:iron_chestplate":1,"minecraft:torch":27,"minecraft:crafting_table":7,"minecraft:apple":2,"minecraft:iron_axe":9,"minecraft:birch_sapling":1,"minecraft:iron_pickaxe":62,"minecraft:iron_helmet":1,"minecraft:iron_boots":1,"minecraft:stone_axe":56,"minecraft:cobblestone":26,"minecraft:oak_sapling":4,"minecraft:furnace":6,"minecraft:iron_leggings":1},"minecraft:crafted":{"minecraft:oak_planks":72,"minecraft:crafting_table":1,"minecraft:wooden_pickaxe":1,"minecraft:iron_helmet":1,"minecraft:furnace":1,"minecraft:cooked_salmon":7,"minecraft:stone_axe":1,"minecraft:cooked_mutton":4,"minecraft:air":0,"minecraft:iron_boots":1,"minecraft:iron_chestplate":1,"minecraft:shield":1,"minecraft:iron_axe":1,"minecraft:stick":24,"minecraft:iron_ingot":33,"minecraft:iron_pickaxe":1,"minecraft:stone_pickaxe":1,"minecraft:iron_leggings":1,"minecraft:torch":32},"minecraft:picked_up":{"minecraft:crafting_table":8,"minecraft:clay_ball":16,"minecraft:andesite":2,"minecraft:salmon":14,"minecraft:oak_log":18,"minecraft:shield":1,"minecraft:lapis_lazuli":35,"minecraft:dirt":1,"minecraft:cooked_mutton":1,"minecraft:bone":4,"minecraft:apple":3,"minecraft:cobbled_deepslate":3,"minecraft:stone_pickaxe":1,"minecraft:moss_block":1,"minecraft:birch_sapling":1,"minecraft:oak_planks":55,"minecraft:furnace":7,"minecraft:raw_iron":33,"minecraft:stick":2,"minecraft:arrow":6,"minecraft:rotten_flesh":2,"minecraft:stone_axe":1,"minecraft:oak_sapling":4,"minecraft:mutton":4,"minecraft:coal":85,"minecraft:white_wool":4,"minecraft:cobblestone":70},"minecraft:mined":{"minecraft:crafting_table":7,"minecraft:clay":5,"minecraft:grass_block":1,"minecraft:lapis_ore":7,"minecraft:moss_block":1,"minecraft:diorite":3,"minecraft:furnace":6,"minecraft:iron_ore":31,"minecraft:andesite":2,"minecraft:coal_ore":84,"minecraft:oak_log":19,"minecraft:deepslate_iron_ore":2,"minecraft:dirt":1,"minecraft:stone":64,"minecraft:oak_leaves":4,"minecraft:deepslate":3}},"DataVersion":3839}