{"stats":{"minecraft:killed":{"minecraft:cave_spider":1,"minecraft:spider":6,"minecraft:skeleton":13,"minecraft:pig":2,"minecraft:salmon":7,"minecraft:iron_golem":1,"minecraft:creeper":1,"minecraft:sheep":3,"minecraft:zombie":19},"minecraft:broken":{"minecraft:iron_shovel":2,"minecraft:stone_sword":1,"minecraft:stone_pickaxe":1,"minecraft:iron_axe":3,"minecraft:stone_axe":1,"minecraft:iron_pickaxe":1},"minecraft:dropped":{"minecraft:iron_ingot":40,"minecraft:bread":27,"minecraft:moss_block":1,"minecraft:wheat_seeds":1,"minecraft:oak_fence":2,"minecraft:cookie":113,"minecraft:apple":1,"minecraft:granite":2,"minecraft:grass_block":1,"minecraft:coal":13,"minecraft:stick":3,"minecraft:lava_bucket":1,"minecraft:dirt":5,"minecraft:diorite":2,"minecraft:cooked_salmon":4,"minecraft:iron_axe":2,"minecraft:iron_shovel":3,"minecraft:white_wool":3,"minecraft:redstone":1,"minecraft:smooth_basalt":1,"minecraft:gravel":5,"minecraft:stone_axe":1,"minecraft:sweet_berries":24,"minecraft:bowl":3,"minecraft:pointed_dripstone":2,"minecraft:stone_shovel":20,"minecraft:raw_iron":19,"minecraft:iron_boots":2,"minecraft:spruce_fence":1,"minecraft:chainmail_chestplate":3,"minecraft:spruce_boat":1,"minecraft:spruce_trapdoor":11,"minecraft:andesite":5,"minecraft:hopper":3,"minecraft:chainmail_boots":12,"minecraft:spider_eye":1,"minecraft:bow":2,"minecraft:stone_pickaxe":2,"minecraft:wooden_pickaxe":1},"minecraft:used":{"minecraft:stone_sword":112,"minecraft:iron_shovel":647,"minecraft:spruce_planks":6,"minecraft:chest":4,"minecraft:shield":39,"minecraft:cooked_salmon":6,"minecraft:iron_chestplate":2,"minecraft:torch":141,"minecraft:dirt":554,"minecraft:mutton":1,"minecraft:carrot":2,"minecraft:iron_hoe":13,"minecraft:iron_axe":1077,"minecraft:birch_sapling":1,"minecraft:iron_helmet":2,"minecraft:iron_boots":2,"minecraft:bow":10,"minecraft:sweet_berries":28,"minecraft:furnace":8,"minecraft:oak_sapling":4,"minecraft:potato":4,"minecraft:iron_leggings":2,"minecraft:wheat_seeds":7,"minecraft:cooked_mutton":4,"minecraft:water_bucket":4,"minecraft:stone_pickaxe":180,"minecraft:diamond_axe":317,"minecraft:composter":2,"minecraft:birch_boat":3,"minecraft:wooden_pickaxe":11,"minecraft:fletching_table":3,"minecraft:blue_bed":1,"minecraft:cookie":9,"minecraft:golden_apple":1,"minecraft:crafting_table":12,"minecraft:spruce_log":1,"minecraft:apple":2,"minecraft:suspicious_stew":3,"minecraft:bread":43,"minecraft:iron_pickaxe":452,"minecraft:spruce_sapling":80,"minecraft:gravel":1,"minecraft:stone_axe":126,"minecraft:cobblestone":60,"minecraft:purple_bed":7,"minecraft:cooked_porkchop":2,"minecraft:bucket":5,"minecraft:smooth_stone_slab":5,"minecraft:oak_boat":7,"minecraft:bone_meal":18},"minecraft:custom":{"minecraft:interact_with_smithing_table":1,"minecraft:interact_with_anvil":2,"minecraft:mob_kills":54,"minecraft:animals_bred":1,"minecraft:interact_with_crafting_table":54,"minecraft:leave_game":13,"minecraft:time_since_death":386679,"minecraft:climb_one_cm":315,"minecraft:sprint_one_cm":632568,"minecraft:walk_one_cm":973944,"minecraft:damage_blocked_by_shield":1662,"minecraft:drop":198,"minecraft:talked_to_villager":141,"minecraft:play_time":423549,"minecraft:deaths":1,"minecraft:sneak_time":3868,"minecraft:walk_under_water_one_cm":34433,"minecraft:boat_one_cm":262536,"minecraft:jump":3916,"minecraft:interact_with_blast_furnace":1,"minecraft:walk_on_water_one_cm":34787,"minecraft:total_world_time":423549,"minecraft:interact_with_furnace":56,"minecraft:traded_with_villager":370,"minecraft:interact_with_grindstone":1,"minecraft:sleep_in_bed":23,"minecraft:time_since_rest":8260,"minecraft:damage_taken":2513,"minecraft:damage_absorbed":40,"minecraft:damage_dealt":8551,"minecraft:swim_one_cm":24216,"minecraft:fly_one_cm":598433,"minecraft:open_chest":75,"minecraft:crouch_one_cm":9100,"minecraft:interact_with_smoker":1,"minecraft:fall_one_cm":67525},"minecraft:crafted":{"minecraft:cookie":216,"minecraft:oak_planks":72,"minecraft:stone_shovel":20,"minecraft:furnace":2,"minecraft:bone_meal":18,"minecraft:cooked_mutton":4,"minecraft:suspicious_stew":3,"minecraft:bow":2,"minecraft:iron_boots":2,"minecraft:iron_axe":5,"minecraft:iron_hoe":1,"minecraft:stone_pickaxe":4,"minecraft:chest":3,"minecraft:coal_block":2,"minecraft:emerald":300,"minecraft:cooked_porkchop":2,"minecraft:diamond_axe":1,"minecraft:crafting_table":5,"minecraft:spruce_planks":4460,"minecraft:wooden_pickaxe":1,"minecraft:iron_helmet":1,"minecraft:bell":2,"minecraft:chainmail_chestplate":3,"minecraft:cooked_salmon":7,"minecraft:fletching_table":1,"minecraft:bucket":1,"minecraft:stone_axe":2,"minecraft:bread":60,"minecraft:air":0,"minecraft:diamond_pickaxe":1,"minecraft:iron_chestplate":1,"minecraft:shield":1,"minecraft:stick":8972,"minecraft:chainmail_boots":12,"minecraft:iron_ingot":127,"minecraft:iron_pickaxe":3,"minecraft:stone_sword":1,"minecraft:gold_ingot":3,"minecraft:iron_shovel":5,"minecraft:iron_leggings":1,"minecraft:torch":128},"minecraft:picked_up":{"minecraft:crafting_table":8,"minecraft:wheat":1,"minecraft:clay_ball":16,"minecraft:shield":1,"minecraft:string":31,"minecraft:raw_copper":23,"minecraft:cooked_salmon":3,"minecraft:smooth_stone_slab":5,"minecraft:iron_shovel":1,"minecraft:cobbled_deepslate":3,"minecraft:bucket":1,"minecraft:spruce_planks":4,"minecraft:oak_boat":7,"minecraft:poppy":3,"minecraft:chest":1,"minecraft:birch_sapling":1,"minecraft:iron_boots":1,"minecraft:furnace":7,"minecraft:raw_iron":157,"minecraft:stick":62,"minecraft:composter":2,"minecraft:oak_fence":2,"minecraft:torch":10,"minecraft:spruce_fence":1,"minecraft:porkchop":3,"minecraft:pointed_dripstone":2,"minecraft:diorite":2,"minecraft:carrot":2,"minecraft:redstone":20,"minecraft:rotten_flesh":29,"minecraft:arrow":17,"minecraft:mutton":5,"minecraft:rail":20,"minecraft:white_wool":5,"minecraft:cobblestone":221,"minecraft:salmon":14,"minecraft:andesite":5,"minecraft:potato":4,"minecraft:oak_log":18,"minecraft:gunpowder":2,"minecraft:blue_bed":1,"minecraft:lapis_lazuli":87,"minecraft:dirt":675,"minecraft:cooked_mutton":1,"minecraft:bone":13,"minecraft:apple":3,"minecraft:bow":2,"minecraft:wheat_seeds":8,"minecraft:raw_gold":3,"minecraft:iron_ingot":12,"minecraft:stone_pickaxe":1,"minecraft:fletching_table":2,"minecraft:moss_block":1,"minecraft:oak_planks":70,"minecraft:smooth_basalt":1,"minecraft:birch_boat":4,"minecraft:sweet_berries":75,"minecraft:gravel":6,"minecraft:spruce_sapling":104,"minecraft:grass_block":1,"minecraft:spruce_log":1116,"minecraft:spider_eye":1,"minecraft:purple_bed":7,"minecraft:stone_axe":1,"minecraft:spruce_boat":1,"minecraft:granite":2,"minecraft:bread":3,"minecraft:jack_o_lantern":1,"minecraft:oak_sapling":4,"minecraft:coal":150,"minecraft:hopper":3,"minecraft:ender_pearl":1},"minecraft:mined":{"minecraft:spruce_planks":4,"minecraft:jack_o_lantern":1,"minecraft:glow_lichen":1,"minecraft:granite":5,"minecraft:grass_block":171,"minecraft:spruce_fence":1,"minecraft:spruce_leaves":223,"minecraft:composter":1,"minecraft:moss_block":1,"minecraft:spawner":3,"minecraft:large_fern":8,"minecraft:redstone_ore":4,"minecraft:carrots":1,"minecraft:spruce_sapling":11,"minecraft:furnace":6,"minecraft:iron_ore":152,"minecraft:andesite":5,"minecraft:fletching_table":2,"minecraft:potatoes":3,"minecraft:pointed_dripstone":2,"minecraft:deepslate_iron_ore":2,"minecraft:dirt_path":8,"minecraft:rail":19,"minecraft:stone":227,"minecraft:podzol":38,"minecraft:oak_fence":2,"minecraft:clay":5,"minecraft:crafting_table":7,"minecraft:torch":3,"minecraft:short_grass":1,"minecraft:copper_ore":9,"minecraft:cobblestone":6,"minecraft:lapis_ore":19,"minecraft:oak_planks":3,"minecraft:wall_torch":1,"minecraft:diorite":9,"minecraft:blue_bed":1,"minecraft:purple_bed":7,"minecraft:wheat":3,"minecraft:sweet_berry_bush":6,"minecraft:spruce_log":1128,"minecraft:birch_leaves":1,"minecraft:smooth_stone_slab":4,"minecraft:oak_log":19,"minecraft:coal_ore":141,"minecraft:dirt":500,"minecraft:cobweb":20,"minecraft:smooth_basalt":2,"minecraft:gold_ore":3,"minecraft:oak_leaves":4,"minecraft:deepslate":3,"minecraft:fern":2}},"DataVersion":3839}