{"stats":{"minecraft:killed":{"minecraft:salmon":7,"minecraft:sheep":2,"minecraft:skeleton":3,"minecraft:zombie":3},"minecraft:dropped":{"minecraft:stone_axe":1,"minecraft:raw_iron":19,"minecraft:apple":1,"minecraft:coal":13,"minecraft:dirt":1,"minecraft:cooked_salmon":4,"minecraft:wooden_pickaxe":1},"minecraft:broken":{"minecraft:stone_pickaxe":1},"minecraft:custom":{"minecraft:interact_with_furnace":33,"minecraft:mob_kills":15,"minecraft:interact_with_crafting_table":21,"minecraft:leave_game":4,"minecraft:time_since_death":42802,"minecraft:time_since_rest":42847,"minecraft:sprint_one_cm":71762,"minecraft:damage_taken":744,"minecraft:walk_one_cm":110258,"minecraft:damage_blocked_by_shield":315,"minecraft:drop":36,"minecraft:damage_dealt":1536,"minecraft:swim_one_cm":11422,"minecraft:fly_one_cm":55323,"minecraft:crouch_one_cm":3694,"minecraft:play_time":79672,"minecraft:deaths":1,"minecraft:sneak_time":1484,"minecraft:walk_under_water_one_cm":18780,"minecraft:jump":546,"minecraft:walk_on_water_one_cm":24532,"minecraft:total_world_time":79672,"minecraft:fall_one_cm":16882},"minecraft:used":{"minecraft:cooked_mutton":4,"minecraft:stone_pickaxe":131,"minecraft:wooden_pickaxe":11,"minecraft:shield":6,"minecraft:cooked_salmon":2,"minecraft:iron_chestplate":1,"minecraft:torch":40,"minecraft:crafting_table":7,"minecraft:apple":2,"minecraft:iron_axe":22,"minecraft:birch_sapling":1,"minecraft:iron_pickaxe":105,"minecraft:iron_helmet":1,"minecraft:iron_boots":1,"minecraft:gravel":1,"minecraft:stone_axe":56,"minecraft:cobblestone":28,"minecraft:oak_sapling":4,"minecraft:furnace":7,"minecraft:iron_leggings":1},"minecraft:crafted":{"minecraft:oak_planks":72,"minecraft:crafting_table":1,"minecraft:wooden_pickaxe":1,"minecraft:iron_helmet":1,"minecraft:furnace":1,"minecraft:cooked_salmon":7,"minecraft:stone_axe":1,"minecraft:cooked_mutton":4,"minecraft:air":0,"minecraft:iron_boots":1,"minecraft:iron_chestplate":1,"minecraft:shield":1,"minecraft:iron_axe":1,"minecraft:stick":24,"minecraft:iron_ingot":33,"minecraft:iron_pickaxe":1,"minecraft:stone_pickaxe":1,"minecraft:iron_leggings":1,"minecraft:torch":48},"minecraft:picked_up":{"minecraft:crafting_table":8,"minecraft:clay_ball":16,"minecraft:andesite":3,"minecraft:salmon":14,"minecraft:oak_log":18,"minecraft:shield":1,"minecraft:lapis_lazuli":43,"minecraft:dirt":1,"minecraft:raw_copper":23,"minecraft:cooked_mutton":1,"minecraft:bone":5,"minecraft:apple":3,"minecraft:bow":1,"minecraft:cobbled_deepslate":3,"minecraft:stone_pickaxe":1,"minecraft:moss_block":1,"minecraft:birch_sapling":1,"minecraft:oak_planks":68,"minecraft:furnace":7,"minecraft:raw_iron":54,"minecraft:stick":2,"minecraft:oak_fence":2,"minecraft:gravel":1,"minecraft:arrow":8,"minecraft:rotten_flesh":2,"minecraft:stone_axe":1,"minecraft:oak_sapling":4,"minecraft:mutton":4,"minecraft:coal":92,"minecraft:white_wool":4,"minecraft:cobblestone":79},"minecraft:mined":{"minecraft:oak_fence":2,"minecraft:crafting_table":7,"minecraft:clay":5,"minecraft:grass_block":1,"minecraft:copper_ore":9,"minecraft:lapis_ore":12,"minecraft:moss_block":1,"minecraft:diorite":3,"minecraft:furnace":6,"minecraft:iron_ore":50,"minecraft:andesite":3,"minecraft:coal_ore":84,"minecraft:oak_log":19,"minecraft:deepslate_iron_ore":2,"minecraft:dirt":1,"minecraft:stone":73,"minecraft:oak_leaves":4,"minecraft:deepslate":3}},"DataVersion":3839}