{"stats":{"minecraft:dropped":{"minecraft:dirt":1,"minecraft:wooden_pickaxe":1},"minecraft:used":{"minecraft:stone_axe":17,"minecraft:cobblestone":1,"minecraft:oak_sapling":1,"minecraft:wooden_pickaxe":11},"minecraft:custom":{"minecraft:time_since_rest":25672,"minecraft:crouch_one_cm":78,"minecraft:sprint_one_cm":8875,"minecraft:play_time":25672,"minecraft:damage_taken":144,"minecraft:walk_one_cm":12501,"minecraft:sneak_time":112,"minecraft:drop":2,"minecraft:jump":43,"minecraft:leave_game":4,"minecraft:time_since_death":25672,"minecraft:total_world_time":25672,"minecraft:interact_with_crafting_table":3,"minecraft:fall_one_cm":894,"minecraft:fly_one_cm":6057},"minecraft:picked_up":{"minecraft:oak_log":18,"minecraft:oak_sapling":1,"minecraft:dirt":1,"minecraft:cobblestone":11},"minecraft:crafted":{"minecraft:oak_planks":72,"minecraft:stone_axe":1,"minecraft:stick":8,"minecraft:stone_pickaxe":1,"minecraft:wooden_pickaxe":1},"minecraft:mined":{"minecraft:grass_block":1,"minecraft:oak_log":19,"minecraft:dirt":1,"minecraft:stone":11,"minecraft:oak_leaves":4}},"DataVersion":3839}