{"stats":{"minecraft:killed":{"minecraft:skeleton":7,"minecraft:pig":2,"minecraft:salmon":7,"minecraft:sheep":3,"minecraft:zombie":7},"minecraft:broken":{"minecraft:iron_shovel":2,"minecraft:stone_pickaxe":1,"minecraft:iron_axe":2},"minecraft:dropped":{"minecraft:bread":23,"minecraft:moss_block":1,"minecraft:oak_fence":2,"minecraft:apple":1,"minecraft:granite":2,"minecraft:coal":13,"minecraft:dirt":5,"minecraft:cooked_salmon":4,"minecraft:iron_axe":1,"minecraft:iron_shovel":3,"minecraft:white_wool":3,"minecraft:smooth_basalt":1,"minecraft:stone_axe":1,"minecraft:sweet_berries":24,"minecraft:stone_shovel":20,"minecraft:raw_iron":19,"minecraft:spruce_boat":1,"minecraft:andesite":3,"minecraft:bow":1,"minecraft:stone_pickaxe":2,"minecraft:wooden_pickaxe":1},"minecraft:used":{"minecraft:iron_shovel":539,"minecraft:chest":3,"minecraft:shield":11,"minecraft:cooked_salmon":6,"minecraft:iron_chestplate":2,"minecraft:torch":42,"minecraft:dirt":410,"minecraft:mutton":1,"minecraft:iron_axe":809,"minecraft:birch_sapling":1,"minecraft:iron_helmet":2,"minecraft:iron_boots":2,"minecraft:bow":1,"minecraft:sweet_berries":28,"minecraft:furnace":8,"minecraft:oak_sapling":4,"minecraft:iron_leggings":2,"minecraft:wheat_seeds":3,"minecraft:cooked_mutton":4,"minecraft:stone_pickaxe":131,"minecraft:birch_boat":3,"minecraft:wooden_pickaxe":11,"minecraft:blue_bed":1,"minecraft:crafting_table":9,"minecraft:spruce_log":1,"minecraft:apple":2,"minecraft:bread":14,"minecraft:iron_pickaxe":224,"minecraft:spruce_sapling":70,"minecraft:gravel":1,"minecraft:stone_axe":56,"minecraft:cobblestone":45,"minecraft:cooked_porkchop":2,"minecraft:smooth_stone_slab":5,"minecraft:oak_boat":7,"minecraft:bone_meal":18},"minecraft:custom":{"minecraft:mob_kills":26,"minecraft:interact_with_crafting_table":35,"minecraft:leave_game":12,"minecraft:time_since_death":221434,"minecraft:climb_one_cm":315,"minecraft:sprint_one_cm":354599,"minecraft:walk_one_cm":539354,"minecraft:damage_blocked_by_shield":460,"minecraft:drop":127,"minecraft:talked_to_villager":53,"minecraft:play_time":258304,"minecraft:deaths":1,"minecraft:sneak_time":3107,"minecraft:walk_under_water_one_cm":22455,"minecraft:boat_one_cm":255314,"minecraft:jump":2220,"minecraft:walk_on_water_one_cm":29124,"minecraft:total_world_time":258304,"minecraft:interact_with_furnace":43,"minecraft:traded_with_villager":179,"minecraft:sleep_in_bed":12,"minecraft:time_since_rest":12046,"minecraft:damage_taken":1494,"minecraft:damage_dealt":3516,"minecraft:swim_one_cm":16580,"minecraft:fly_one_cm":334749,"minecraft:open_chest":31,"minecraft:crouch_one_cm":8115,"minecraft:interact_with_smoker":1,"minecraft:fall_one_cm":50549},"minecraft:crafted":{"minecraft:oak_planks":72,"minecraft:stone_shovel":20,"minecraft:furnace":2,"minecraft:bone_meal":18,"minecraft:cooked_mutton":4,"minecraft:bow":1,"minecraft:iron_boots":1,"minecraft:iron_axe":4,"minecraft:stone_pickaxe":4,"minecraft:chest":3,"minecraft:emerald":147,"minecraft:cooked_porkchop":2,"minecraft:crafting_table":2,"minecraft:spruce_planks":2292,"minecraft:wooden_pickaxe":1,"minecraft:iron_helmet":1,"minecraft:bell":1,"minecraft:cooked_salmon":7,"minecraft:stone_axe":1,"minecraft:bread":42,"minecraft:air":0,"minecraft:iron_chestplate":1,"minecraft:shield":1,"minecraft:stick":4632,"minecraft:iron_ingot":45,"minecraft:iron_pickaxe":2,"minecraft:iron_shovel":5,"minecraft:iron_leggings":1,"minecraft:torch":48},"minecraft:picked_up":{"minecraft:crafting_table":8,"minecraft:wheat":1,"minecraft:clay_ball":16,"minecraft:shield":1,"minecraft:raw_copper":23,"minecraft:cooked_salmon":3,"minecraft:smooth_stone_slab":5,"minecraft:iron_shovel":1,"minecraft:cobbled_deepslate":3,"minecraft:oak_boat":7,"minecraft:birch_sapling":1,"minecraft:furnace":7,"minecraft:raw_iron":75,"minecraft:stick":49,"minecraft:oak_fence":2,"minecraft:spruce_fence":1,"minecraft:porkchop":3,"minecraft:rotten_flesh":6,"minecraft:arrow":13,"minecraft:mutton":5,"minecraft:white_wool":5,"minecraft:cobblestone":151,"minecraft:salmon":14,"minecraft:andesite":3,"minecraft:oak_log":18,"minecraft:blue_bed":1,"minecraft:lapis_lazuli":43,"minecraft:dirt":578,"minecraft:cooked_mutton":1,"minecraft:bone":9,"minecraft:apple":3,"minecraft:bow":1,"minecraft:wheat_seeds":5,"minecraft:raw_gold":2,"minecraft:stone_pickaxe":1,"minecraft:moss_block":1,"minecraft:oak_planks":68,"minecraft:smooth_basalt":1,"minecraft:birch_boat":3,"minecraft:sweet_berries":75,"minecraft:gravel":1,"minecraft:spruce_sapling":77,"minecraft:spruce_log":671,"minecraft:stone_axe":1,"minecraft:spruce_boat":1,"minecraft:granite":2,"minecraft:bread":3,"minecraft:oak_sapling":4,"minecraft:coal":92},"minecraft:mined":{"minecraft:granite":2,"minecraft:grass_block":165,"minecraft:spruce_fence":1,"minecraft:spruce_leaves":134,"minecraft:moss_block":1,"minecraft:large_fern":5,"minecraft:spruce_sapling":6,"minecraft:furnace":6,"minecraft:iron_ore":70,"minecraft:andesite":3,"minecraft:deepslate_iron_ore":2,"minecraft:dirt_path":7,"minecraft:stone":159,"minecraft:podzol":38,"minecraft:oak_fence":2,"minecraft:clay":5,"minecraft:crafting_table":7,"minecraft:short_grass":1,"minecraft:copper_ore":9,"minecraft:cobblestone":1,"minecraft:lapis_ore":12,"minecraft:diorite":3,"minecraft:blue_bed":1,"minecraft:wheat":3,"minecraft:sweet_berry_bush":6,"minecraft:spruce_log":676,"minecraft:birch_leaves":1,"minecraft:smooth_stone_slab":4,"minecraft:oak_log":19,"minecraft:coal_ore":84,"minecraft:dirt":376,"minecraft:smooth_basalt":2,"minecraft:gold_ore":2,"minecraft:oak_leaves":4,"minecraft:deepslate":3,"minecraft:fern":2}},"DataVersion":3839}