{"stats":{"minecraft:dropped":{"minecraft:dirt":1},"minecraft:custom":{"minecraft:jump":15,"minecraft:time_since_rest":19894,"minecraft:leave_game":4,"minecraft:play_time":19894,"minecraft:sprint_one_cm":1074,"minecraft:time_since_death":19894,"minecraft:walk_one_cm":2501,"minecraft:total_world_time":19894,"minecraft:fall_one_cm":685,"minecraft:drop":1,"minecraft:fly_one_cm":2060},"minecraft:picked_up":{"minecraft:dirt":1},"minecraft:mined":{"minecraft:grass_block":1,"minecraft:dirt":1}},"DataVersion":3839}