{"stats":{"minecraft:killed":{"minecraft:pig":2,"minecraft:salmon":7,"minecraft:skeleton":6,"minecraft:sheep":3,"minecraft:zombie":7},"minecraft:dropped":{"minecraft:stone_axe":1,"minecraft:moss_block":1,"minecraft:oak_fence":2,"minecraft:raw_iron":19,"minecraft:apple":1,"minecraft:granite":2,"minecraft:coal":13,"minecraft:dirt":5,"minecraft:andesite":3,"minecraft:cooked_salmon":4,"minecraft:wooden_pickaxe":1,"minecraft:iron_shovel":2,"minecraft:white_wool":3,"minecraft:smooth_basalt":1},"minecraft:broken":{"minecraft:stone_pickaxe":1},"minecraft:custom":{"minecraft:interact_with_furnace":36,"minecraft:mob_kills":25,"minecraft:interact_with_crafting_table":27,"minecraft:leave_game":6,"minecraft:time_since_death":90457,"minecraft:sleep_in_bed":2,"minecraft:time_since_rest":11330,"minecraft:sprint_one_cm":157594,"minecraft:damage_taken":1082,"minecraft:walk_one_cm":227944,"minecraft:damage_blocked_by_shield":430,"minecraft:drop":54,"minecraft:damage_dealt":3220,"minecraft:swim_one_cm":16580,"minecraft:fly_one_cm":146044,"minecraft:open_chest":8,"minecraft:crouch_one_cm":3775,"minecraft:play_time":127327,"minecraft:deaths":1,"minecraft:sneak_time":1528,"minecraft:walk_under_water_one_cm":22455,"minecraft:boat_one_cm":223796,"minecraft:jump":1130,"minecraft:walk_on_water_one_cm":29124,"minecraft:interact_with_smoker":1,"minecraft:total_world_time":127327,"minecraft:fall_one_cm":30260},"minecraft:used":{"minecraft:cooked_mutton":4,"minecraft:iron_shovel":105,"minecraft:stone_pickaxe":131,"minecraft:chest":1,"minecraft:birch_boat":2,"minecraft:wooden_pickaxe":11,"minecraft:shield":10,"minecraft:cooked_salmon":6,"minecraft:iron_chestplate":1,"minecraft:torch":42,"minecraft:dirt":37,"minecraft:mutton":1,"minecraft:crafting_table":9,"minecraft:apple":2,"minecraft:iron_axe":118,"minecraft:bread":1,"minecraft:birch_sapling":1,"minecraft:iron_pickaxe":161,"minecraft:iron_helmet":1,"minecraft:iron_boots":1,"minecraft:spruce_sapling":10,"minecraft:gravel":1,"minecraft:stone_axe":56,"minecraft:cobblestone":45,"minecraft:bow":1,"minecraft:sweet_berries":7,"minecraft:furnace":8,"minecraft:oak_sapling":4,"minecraft:cooked_porkchop":1,"minecraft:iron_leggings":1},"minecraft:crafted":{"minecraft:oak_planks":72,"minecraft:cooked_porkchop":2,"minecraft:crafting_table":2,"minecraft:wooden_pickaxe":1,"minecraft:iron_helmet":1,"minecraft:furnace":2,"minecraft:cooked_salmon":7,"minecraft:stone_axe":1,"minecraft:cooked_mutton":4,"minecraft:air":0,"minecraft:iron_boots":1,"minecraft:iron_chestplate":1,"minecraft:shield":1,"minecraft:iron_axe":1,"minecraft:stick":24,"minecraft:iron_ingot":33,"minecraft:iron_pickaxe":2,"minecraft:stone_pickaxe":1,"minecraft:chest":1,"minecraft:iron_shovel":2,"minecraft:iron_leggings":1,"minecraft:torch":48},"minecraft:picked_up":{"minecraft:crafting_table":8,"minecraft:clay_ball":16,"minecraft:andesite":3,"minecraft:salmon":14,"minecraft:oak_log":18,"minecraft:shield":1,"minecraft:lapis_lazuli":43,"minecraft:dirt":78,"minecraft:raw_copper":23,"minecraft:cooked_salmon":3,"minecraft:cooked_mutton":1,"minecraft:iron_shovel":1,"minecraft:bone":7,"minecraft:apple":3,"minecraft:bow":1,"minecraft:cobbled_deepslate":3,"minecraft:raw_gold":2,"minecraft:stone_pickaxe":1,"minecraft:moss_block":1,"minecraft:birch_sapling":1,"minecraft:oak_planks":68,"minecraft:furnace":7,"minecraft:stick":13,"minecraft:raw_iron":75,"minecraft:smooth_basalt":1,"minecraft:birch_boat":3,"minecraft:sweet_berries":6,"minecraft:oak_fence":2,"minecraft:spruce_fence":1,"minecraft:porkchop":3,"minecraft:gravel":1,"minecraft:spruce_sapling":14,"minecraft:spruce_log":38,"minecraft:arrow":11,"minecraft:rotten_flesh":6,"minecraft:stone_axe":1,"minecraft:granite":2,"minecraft:oak_sapling":4,"minecraft:mutton":5,"minecraft:coal":92,"minecraft:white_wool":5,"minecraft:cobblestone":99},"minecraft:mined":{"minecraft:oak_fence":2,"minecraft:clay":5,"minecraft:crafting_table":7,"minecraft:granite":2,"minecraft:short_grass":1,"minecraft:grass_block":54,"minecraft:spruce_fence":1,"minecraft:cobblestone":1,"minecraft:copper_ore":9,"minecraft:spruce_leaves":21,"minecraft:lapis_ore":12,"minecraft:moss_block":1,"minecraft:diorite":3,"minecraft:large_fern":1,"minecraft:furnace":6,"minecraft:iron_ore":70,"minecraft:sweet_berry_bush":2,"minecraft:spruce_log":38,"minecraft:andesite":3,"minecraft:birch_leaves":1,"minecraft:oak_log":19,"minecraft:coal_ore":84,"minecraft:deepslate_iron_ore":2,"minecraft:dirt":61,"minecraft:smooth_basalt":2,"minecraft:stone":102,"minecraft:gold_ore":2,"minecraft:oak_leaves":4,"minecraft:deepslate":3}},"DataVersion":3839}