{"stats":{"minecraft:used":{"minecraft:jack_o_lantern":1,"minecraft:stone_sword":112,"minecraft:iron_shovel":663,"minecraft:poppy":17,"minecraft:chest":4,"minecraft:spruce_planks":6,"minecraft:shield":41,"minecraft:cooked_salmon":6,"minecraft:iron_chestplate":2,"minecraft:torch":148,"minecraft:dirt":585,"minecraft:mutton":1,"minecraft:carrot":4,"minecraft:iron_hoe":38,"minecraft:iron_axe":1077,"minecraft:birch_sapling":1,"minecraft:iron_helmet":2,"minecraft:iron_boots":2,"minecraft:golden_carrot":3,"minecraft:bow":10,"minecraft:sweet_berries":28,"minecraft:oak_sapling":4,"minecraft:furnace":8,"minecraft:potato":4,"minecraft:iron_leggings":2,"minecraft:wheat_seeds":7,"minecraft:cooked_mutton":4,"minecraft:water_bucket":7,"minecraft:stone_pickaxe":180,"minecraft:wooden_pickaxe":11,"minecraft:blue_bed":1,"minecraft:birch_boat":3,"minecraft:diamond_axe":894,"minecraft:composter":2,"minecraft:fletching_table":3,"minecraft:cookie":33,"minecraft:golden_apple":1,"minecraft:crafting_table":12,"minecraft:spruce_log":4,"minecraft:diamond_pickaxe":19,"minecraft:apple":2,"minecraft:iron_pickaxe":452,"minecraft:suspicious_stew":3,"minecraft:bread":43,"minecraft:gravel":1,"minecraft:spruce_sapling":105,"minecraft:stone_axe":126,"minecraft:cobblestone":60,"minecraft:purple_bed":7,"minecraft:cooked_porkchop":2,"minecraft:bucket":9,"minecraft:smooth_stone_slab":5,"minecraft:oak_boat":7,"minecraft:bone_meal":18},"minecraft:mined":{"minecraft:spruce_planks":4,"minecraft:mossy_cobblestone":4,"minecraft:jack_o_lantern":1,"minecraft:glow_lichen":1,"minecraft:granite":5,"minecraft:grass_block":183,"minecraft:spruce_fence":1,"minecraft:spruce_leaves":275,"minecraft:composter":1,"minecraft:moss_block":1,"minecraft:spawner":3,"minecraft:large_fern":11,"minecraft:redstone_ore":4,"minecraft:spruce_sapling":11,"minecraft:furnace":6,"minecraft:carrots":3,"minecraft:iron_ore":152,"minecraft:andesite":7,"minecraft:fletching_table":2,"minecraft:potatoes":3,"minecraft:pointed_dripstone":2,"minecraft:deepslate_iron_ore":2,"minecraft:dirt_path":8,"minecraft:rail":19,"minecraft:stone":240,"minecraft:podzol":38,"minecraft:clay":5,"minecraft:oak_fence":2,"minecraft:crafting_table":7,"minecraft:torch":4,"minecraft:short_grass":1,"minecraft:poppy":17,"minecraft:copper_ore":9,"minecraft:cobblestone":6,"minecraft:lapis_ore":19,"minecraft:oak_planks":3,"minecraft:blue_bed":1,"minecraft:diorite":9,"minecraft:wall_torch":1,"minecraft:purple_bed":7,"minecraft:wheat":3,"minecraft:sweet_berry_bush":7,"minecraft:spruce_log":1637,"minecraft:birch_leaves":1,"minecraft:smooth_stone_slab":4,"minecraft:oak_log":19,"minecraft:coal_ore":141,"minecraft:dirt":507,"minecraft:cobweb":20,"minecraft:smooth_basalt":2,"minecraft:gold_ore":3,"minecraft:oak_leaves":4,"minecraft:deepslate":3,"minecraft:fern":3},"minecraft:picked_up":{"minecraft:crafting_table":8,"minecraft:wheat":1,"minecraft:clay_ball":16,"minecraft:shield":1,"minecraft:string":31,"minecraft:raw_copper":23,"minecraft:cooked_salmon":3,"minecraft:smooth_stone_slab":5,"minecraft:iron_shovel":1,"minecraft:cobbled_deepslate":3,"minecraft:bucket":1,"minecraft:spruce_planks":4,"minecraft:oak_boat":7,"minecraft:poppy":20,"minecraft:chest":1,"minecraft:birch_sapling":1,"minecraft:iron_boots":1,"minecraft:furnace":7,"minecraft:stick":88,"minecraft:raw_iron":157,"minecraft:oak_fence":2,"minecraft:composter":2,"minecraft:torch":11,"minecraft:spruce_fence":1,"minecraft:porkchop":3,"minecraft:pointed_dripstone":2,"minecraft:diorite":2,"minecraft:carrot":8,"minecraft:redstone":20,"minecraft:arrow":18,"minecraft:rotten_flesh":32,"minecraft:mutton":5,"minecraft:rail":20,"minecraft:white_wool":5,"minecraft:cobblestone":233,"minecraft:andesite":7,"minecraft:salmon":14,"minecraft:potato":4,"minecraft:oak_log":18,"minecraft:gunpowder":2,"minecraft:lapis_lazuli":87,"minecraft:dirt":694,"minecraft:blue_bed":1,"minecraft:cooked_mutton":1,"minecraft:bone":14,"minecraft:apple":3,"minecraft:bow":2,"minecraft:wheat_seeds":8,"minecraft:raw_gold":3,"minecraft:iron_ingot":13,"minecraft:stone_pickaxe":1,"minecraft:fletching_table":2,"minecraft:moss_block":1,"minecraft:oak_planks":70,"minecraft:smooth_basalt":1,"minecraft:birch_boat":4,"minecraft:sweet_berries":78,"minecraft:gravel":6,"minecraft:spruce_sapling":136,"minecraft:grass_block":1,"minecraft:spruce_log":1607,"minecraft:spider_eye":1,"minecraft:purple_bed":7,"minecraft:spruce_boat":1,"minecraft:stone_axe":1,"minecraft:granite":2,"minecraft:bread":3,"minecraft:jack_o_lantern":1,"minecraft:oak_sapling":4,"minecraft:coal":150,"minecraft:hopper":3,"minecraft:ender_pearl":1},"minecraft:killed":{"minecraft:cave_spider":1,"minecraft:spider":6,"minecraft:skeleton":14,"minecraft:pig":2,"minecraft:salmon":7,"minecraft:iron_golem":1,"minecraft:creeper":1,"minecraft:sheep":3,"minecraft:zombie":24},"minecraft:crafted":{"minecraft:golden_carrot":6,"minecraft:cookie":216,"minecraft:oak_planks":72,"minecraft:stone_shovel":20,"minecraft:furnace":2,"minecraft:bone_meal":18,"minecraft:cooked_mutton":4,"minecraft:suspicious_stew":3,"minecraft:diamond_helmet":1,"minecraft:bow":2,"minecraft:diamond_leggings":1,"minecraft:iron_boots":2,"minecraft:iron_axe":5,"minecraft:iron_hoe":1,"minecraft:stone_pickaxe":4,"minecraft:chest":3,"minecraft:diamond_boots":1,"minecraft:coal_block":2,"minecraft:emerald":392,"minecraft:cooked_porkchop":2,"minecraft:diamond_axe":1,"minecraft:crafting_table":5,"minecraft:spruce_planks":5772,"minecraft:iron_helmet":1,"minecraft:wooden_pickaxe":1,"minecraft:bell":2,"minecraft:chainmail_chestplate":7,"minecraft:cooked_salmon":7,"minecraft:fletching_table":1,"minecraft:bucket":1,"minecraft:stone_axe":2,"minecraft:bread":60,"minecraft:air":0,"minecraft:iron_chestplate":1,"minecraft:diamond_pickaxe":1,"minecraft:shield":2,"minecraft:stick":11584,"minecraft:iron_ingot":127,"minecraft:chainmail_boots":12,"minecraft:iron_pickaxe":3,"minecraft:stone_sword":1,"minecraft:iron_shovel":5,"minecraft:iron_leggings":1,"minecraft:gold_ingot":3,"minecraft:torch":128,"minecraft:diamond_chestplate":1},"minecraft:broken":{"minecraft:iron_shovel":2,"minecraft:stone_sword":1,"minecraft:stone_pickaxe":1,"minecraft:iron_axe":3,"minecraft:stone_axe":1,"minecraft:iron_pickaxe":1},"minecraft:dropped":{"minecraft:iron_ingot":40,"minecraft:bread":27,"minecraft:moss_block":1,"minecraft:wheat_seeds":1,"minecraft:iron_helmet":1,"minecraft:oak_fence":2,"minecraft:cookie":119,"minecraft:apple":1,"minecraft:granite":2,"minecraft:grass_block":1,"minecraft:coal":13,"minecraft:stick":3,"minecraft:lava_bucket":1,"minecraft:dirt":5,"minecraft:diorite":2,"minecraft:cooked_salmon":4,"minecraft:iron_leggings":1,"minecraft:iron_axe":2,"minecraft:iron_shovel":3,"minecraft:white_wool":3,"minecraft:spruce_sapling":7,"minecraft:redstone":1,"minecraft:smooth_basalt":1,"minecraft:gravel":5,"minecraft:stone_axe":1,"minecraft:sweet_berries":27,"minecraft:bowl":3,"minecraft:stone_shovel":20,"minecraft:raw_iron":19,"minecraft:pointed_dripstone":2,"minecraft:iron_boots":3,"minecraft:spruce_fence":1,"minecraft:carrot":4,"minecraft:chainmail_chestplate":7,"minecraft:spruce_boat":1,"minecraft:shield":1,"minecraft:spruce_trapdoor":11,"minecraft:iron_chestplate":1,"minecraft:andesite":5,"minecraft:hopper":3,"minecraft:chainmail_boots":12,"minecraft:spider_eye":1,"minecraft:bow":2,"minecraft:stone_pickaxe":2,"minecraft:wooden_pickaxe":1},"minecraft:custom":{"minecraft:interact_with_smithing_table":1,"minecraft:interact_with_anvil":5,"minecraft:mob_kills":60,"minecraft:animals_bred":1,"minecraft:interact_with_crafting_table":56,"minecraft:leave_game":14,"minecraft:time_since_death":444281,"minecraft:climb_one_cm":315,"minecraft:sprint_one_cm":766426,"minecraft:walk_one_cm":1108448,"minecraft:damage_blocked_by_shield":1722,"minecraft:drop":227,"minecraft:talked_to_villager":167,"minecraft:play_time":481151,"minecraft:sneak_time":4491,"minecraft:deaths":1,"minecraft:walk_under_water_one_cm":36475,"minecraft:boat_one_cm":262536,"minecraft:jump":4973,"minecraft:interact_with_blast_furnace":1,"minecraft:walk_on_water_one_cm":35262,"minecraft:total_world_time":481151,"minecraft:interact_with_furnace":59,"minecraft:traded_with_villager":472,"minecraft:interact_with_grindstone":1,"minecraft:sleep_in_bed":26,"minecraft:time_since_rest":30577,"minecraft:damage_taken":2727,"minecraft:damage_absorbed":40,"minecraft:damage_dealt":9887,"minecraft:swim_one_cm":24216,"minecraft:fly_one_cm":773371,"minecraft:open_chest":93,"minecraft:crouch_one_cm":10197,"minecraft:interact_with_smoker":1,"minecraft:fall_one_cm":86663}},"DataVersion":3839}