{"stats":{"minecraft:killed":{"minecraft:salmon":7,"minecraft:skeleton":6,"minecraft:sheep":3,"minecraft:zombie":7},"minecraft:dropped":{"minecraft:stone_axe":1,"minecraft:raw_iron":19,"minecraft:apple":1,"minecraft:coal":13,"minecraft:dirt":1,"minecraft:cooked_salmon":4,"minecraft:wooden_pickaxe":1},"minecraft:broken":{"minecraft:stone_pickaxe":1},"minecraft:custom":{"minecraft:interact_with_furnace":33,"minecraft:mob_kills":23,"minecraft:interact_with_crafting_table":22,"minecraft:leave_game":5,"minecraft:time_since_death":78677,"minecraft:sleep_in_bed":1,"minecraft:time_since_rest":0,"minecraft:sprint_one_cm":137215,"minecraft:damage_taken":1066,"minecraft:walk_one_cm":191237,"minecraft:damage_blocked_by_shield":430,"minecraft:drop":36,"minecraft:damage_dealt":3020,"minecraft:swim_one_cm":16580,"minecraft:fly_one_cm":139404,"minecraft:open_chest":5,"minecraft:crouch_one_cm":3775,"minecraft:play_time":115547,"minecraft:deaths":1,"minecraft:sneak_time":1518,"minecraft:walk_under_water_one_cm":22455,"minecraft:boat_one_cm":223796,"minecraft:jump":1056,"minecraft:walk_on_water_one_cm":29124,"minecraft:total_world_time":115547,"minecraft:fall_one_cm":29631},"minecraft:used":{"minecraft:cooked_mutton":4,"minecraft:stone_pickaxe":131,"minecraft:birch_boat":2,"minecraft:wooden_pickaxe":11,"minecraft:shield":10,"minecraft:cooked_salmon":6,"minecraft:iron_chestplate":1,"minecraft:torch":42,"minecraft:crafting_table":7,"minecraft:apple":2,"minecraft:iron_axe":51,"minecraft:bread":1,"minecraft:birch_sapling":1,"minecraft:iron_pickaxe":137,"minecraft:iron_helmet":1,"minecraft:iron_boots":1,"minecraft:gravel":1,"minecraft:stone_axe":56,"minecraft:cobblestone":40,"minecraft:bow":1,"minecraft:sweet_berries":7,"minecraft:furnace":7,"minecraft:oak_sapling":4,"minecraft:iron_leggings":1},"minecraft:crafted":{"minecraft:oak_planks":72,"minecraft:crafting_table":1,"minecraft:wooden_pickaxe":1,"minecraft:iron_helmet":1,"minecraft:furnace":1,"minecraft:cooked_salmon":7,"minecraft:stone_axe":1,"minecraft:cooked_mutton":4,"minecraft:air":0,"minecraft:iron_boots":1,"minecraft:iron_chestplate":1,"minecraft:shield":1,"minecraft:iron_axe":1,"minecraft:stick":24,"minecraft:iron_ingot":33,"minecraft:iron_pickaxe":1,"minecraft:stone_pickaxe":1,"minecraft:iron_leggings":1,"minecraft:torch":48},"minecraft:picked_up":{"minecraft:crafting_table":8,"minecraft:clay_ball":16,"minecraft:andesite":3,"minecraft:salmon":14,"minecraft:oak_log":18,"minecraft:shield":1,"minecraft:lapis_lazuli":43,"minecraft:dirt":1,"minecraft:raw_copper":23,"minecraft:cooked_salmon":3,"minecraft:cooked_mutton":1,"minecraft:bone":7,"minecraft:apple":3,"minecraft:bow":1,"minecraft:cobbled_deepslate":3,"minecraft:raw_gold":2,"minecraft:stone_pickaxe":1,"minecraft:moss_block":1,"minecraft:birch_sapling":1,"minecraft:oak_planks":68,"minecraft:furnace":7,"minecraft:stick":2,"minecraft:raw_iron":69,"minecraft:smooth_basalt":1,"minecraft:birch_boat":3,"minecraft:sweet_berries":6,"minecraft:oak_fence":2,"minecraft:gravel":1,"minecraft:arrow":11,"minecraft:rotten_flesh":6,"minecraft:stone_axe":1,"minecraft:granite":2,"minecraft:oak_sapling":4,"minecraft:mutton":5,"minecraft:coal":92,"minecraft:white_wool":5,"minecraft:cobblestone":90},"minecraft:mined":{"minecraft:oak_fence":2,"minecraft:clay":5,"minecraft:crafting_table":7,"minecraft:granite":2,"minecraft:short_grass":1,"minecraft:grass_block":5,"minecraft:copper_ore":9,"minecraft:lapis_ore":12,"minecraft:moss_block":1,"minecraft:diorite":3,"minecraft:furnace":6,"minecraft:iron_ore":64,"minecraft:sweet_berry_bush":2,"minecraft:andesite":3,"minecraft:birch_leaves":1,"minecraft:oak_log":19,"minecraft:coal_ore":84,"minecraft:deepslate_iron_ore":2,"minecraft:dirt":1,"minecraft:smooth_basalt":2,"minecraft:stone":85,"minecraft:gold_ore":2,"minecraft:oak_leaves":4,"minecraft:deepslate":3}},"DataVersion":3839}