{"stats":{"minecraft:killed":{"minecraft:skeleton":2,"minecraft:sheep":4,"minecraft:zombie":2,"minecraft:pig":4,"minecraft:tropical_fish":3,"minecraft:cow":11},"minecraft:used":{"minecraft:stone_sword":60,"minecraft:tropical_fish":1,"minecraft:stone_pickaxe":101,"minecraft:shield":4,"minecraft:wooden_pickaxe":13,"minecraft:stone_axe":20,"minecraft:crafting_table":2,"minecraft:furnace":4,"minecraft:andesite":11,"minecraft:cooked_beef":4},"minecraft:custom":{"minecraft:time_since_rest":31804,"minecraft:interact_with_furnace":26,"minecraft:sprint_one_cm":53450,"minecraft:damage_taken":393,"minecraft:walk_one_cm":63154,"minecraft:damage_blocked_by_shield":105,"minecraft:mob_kills":26,"minecraft:damage_dealt":2642,"minecraft:swim_one_cm":18668,"minecraft:interact_with_crafting_table":7,"minecraft:fly_one_cm":39962,"minecraft:crouch_one_cm":11938,"minecraft:play_time":31804,"minecraft:sneak_time":4403,"minecraft:walk_under_water_one_cm":7284,"minecraft:jump":410,"minecraft:leave_game":1,"minecraft:walk_on_water_one_cm":4585,"minecraft:time_since_death":31804,"minecraft:total_world_time":31804,"minecraft:fall_one_cm":9962},"minecraft:crafted":{"minecraft:cooked_beef":21,"minecraft:oak_planks":76,"minecraft:shield":1,"minecraft:crafting_table":2,"minecraft:stick":8,"minecraft:iron_ingot":13,"minecraft:wooden_pickaxe":1,"minecraft:iron_pickaxe":1,"minecraft:stone_pickaxe":1,"minecraft:stone_sword":1,"minecraft:furnace":4,"minecraft:stone_axe":1,"minecraft:air":0},"minecraft:picked_up":{"minecraft:dark_oak_sapling":4,"minecraft:crafting_table":1,"minecraft:stick":6,"minecraft:raw_iron":13,"minecraft:cooked_porkchop":5,"minecraft:andesite":11,"minecraft:leather":13,"minecraft:porkchop":8,"minecraft:oak_log":19,"minecraft:dark_oak_log":1,"minecraft:dirt":1,"minecraft:cooked_mutton":4,"minecraft:bone":1,"minecraft:rotten_flesh":2,"minecraft:apple":1,"minecraft:tropical_fish":1,"minecraft:beef":21,"minecraft:oak_sapling":2,"minecraft:mutton":4,"minecraft:coal":64,"minecraft:white_wool":4,"minecraft:cobblestone":41,"minecraft:furnace":4},"minecraft:mined":{"minecraft:furnace":4,"minecraft:dark_oak_leaves":135,"minecraft:iron_ore":13,"minecraft:andesite":11,"minecraft:crafting_table":1,"minecraft:short_grass":1,"minecraft:coal_ore":45,"minecraft:grass_block":1,"minecraft:oak_log":20,"minecraft:stone":41,"minecraft:oak_leaves":41}},"DataVersion":3839}