{"stats":{"minecraft:killed":{"minecraft:tropical_fish":3},"minecraft:used":{"minecraft:stone_axe":19,"minecraft:stone_sword":3,"minecraft:crafting_table":1,"minecraft:stone_pickaxe":21,"minecraft:wooden_pickaxe":13},"minecraft:custom":{"minecraft:time_since_rest":13804,"minecraft:play_time":13804,"minecraft:crouch_one_cm":1909,"minecraft:sprint_one_cm":7993,"minecraft:damage_taken":30,"minecraft:walk_one_cm":13173,"minecraft:sneak_time":1107,"minecraft:walk_under_water_one_cm":5161,"minecraft:mob_kills":3,"minecraft:jump":44,"minecraft:damage_dealt":100,"minecraft:leave_game":1,"minecraft:time_since_death":13804,"minecraft:walk_on_water_one_cm":3066,"minecraft:total_world_time":13804,"minecraft:swim_one_cm":7855,"minecraft:interact_with_crafting_table":2,"minecraft:fly_one_cm":6185,"minecraft:fall_one_cm":2731},"minecraft:picked_up":{"minecraft:raw_iron":2,"minecraft:stick":1,"minecraft:tropical_fish":1,"minecraft:oak_log":19,"minecraft:oak_sapling":1,"minecraft:coal":18,"minecraft:dirt":1,"minecraft:cobblestone":14},"minecraft:crafted":{"minecraft:stone_sword":1,"minecraft:oak_planks":12,"minecraft:stone_axe":1,"minecraft:crafting_table":1,"minecraft:stick":8,"minecraft:wooden_pickaxe":1,"minecraft:stone_pickaxe":1},"minecraft:mined":{"minecraft:oak_log":20,"minecraft:grass_block":1,"minecraft:coal_ore":18,"minecraft:iron_ore":2,"minecraft:stone":14,"minecraft:oak_leaves":2}},"DataVersion":3839}