{"stats":{"minecraft:killed":{"minecraft:pig":7,"minecraft:zombie_villager":1,"minecraft:spider":1,"minecraft:sheep":11,"minecraft:skeleton":3,"minecraft:zombie":3,"minecraft:tropical_fish":3,"minecraft:cow":12},"minecraft:dropped":{"minecraft:wheat_seeds":2,"minecraft:stone_sword":1,"minecraft:arrow":1,"minecraft:wooden_pickaxe":1},"minecraft:used":{"minecraft:stone_sword":99,"minecraft:tropical_fish":1,"minecraft:stone_pickaxe":107,"minecraft:wooden_pickaxe":13,"minecraft:shield":14,"minecraft:iron_sword":22,"minecraft:crafting_table":2,"minecraft:stone_axe":20,"minecraft:sweet_berries":1,"minecraft:furnace":4,"minecraft:andesite":11,"minecraft:cooked_beef":8},"minecraft:custom":{"minecraft:interact_with_furnace":26,"minecraft:mob_kills":41,"minecraft:interact_with_crafting_table":8,"minecraft:leave_game":1,"minecraft:time_since_death":43804,"minecraft:climb_one_cm":347,"minecraft:time_since_rest":43804,"minecraft:sprint_one_cm":119268,"minecraft:damage_taken":568,"minecraft:walk_one_cm":97170,"minecraft:damage_blocked_by_shield":396,"minecraft:drop":4,"minecraft:damage_dealt":4519,"minecraft:talked_to_villager":1,"minecraft:swim_one_cm":21015,"minecraft:fly_one_cm":111113,"minecraft:open_chest":11,"minecraft:crouch_one_cm":12632,"minecraft:play_time":43804,"minecraft:sneak_time":4605,"minecraft:walk_under_water_one_cm":7503,"minecraft:jump":737,"minecraft:walk_on_water_one_cm":6185,"minecraft:interact_with_smoker":1,"minecraft:total_world_time":43804,"minecraft:fall_one_cm":14618},"minecraft:picked_up":{"minecraft:crafting_table":1,"minecraft:wheat":1,"minecraft:andesite":11,"minecraft:leather":15,"minecraft:oak_log":19,"minecraft:blue_bed":2,"minecraft:dirt":1,"minecraft:string":2,"minecraft:cooked_mutton":4,"minecraft:bone":2,"minecraft:apple":1,"minecraft:wheat_seeds":2,"minecraft:bell":1,"minecraft:beef":21,"minecraft:furnace":4,"minecraft:raw_iron":13,"minecraft:dark_oak_sapling":5,"minecraft:stick":8,"minecraft:cooked_porkchop":5,"minecraft:sweet_berries":40,"minecraft:porkchop":16,"minecraft:spruce_sapling":2,"minecraft:dark_oak_log":5,"minecraft:spider_eye":1,"minecraft:stone_sword":1,"minecraft:arrow":1,"minecraft:purple_bed":4,"minecraft:rotten_flesh":4,"minecraft:tropical_fish":1,"minecraft:granite":1,"minecraft:oak_sapling":2,"minecraft:black_wool":1,"minecraft:mutton":12,"minecraft:coal":64,"minecraft:white_wool":10,"minecraft:cobblestone":47},"minecraft:crafted":{"minecraft:cooked_beef":21,"minecraft:oak_planks":76,"minecraft:crafting_table":2,"minecraft:wooden_pickaxe":1,"minecraft:furnace":4,"minecraft:stone_axe":1,"minecraft:air":0,"minecraft:shield":1,"minecraft:stick":8,"minecraft:iron_ingot":13,"minecraft:iron_pickaxe":1,"minecraft:stone_pickaxe":1,"minecraft:stone_sword":1},"minecraft:mined":{"minecraft:dark_oak_leaves":135,"minecraft:crafting_table":1,"minecraft:granite":1,"minecraft:short_grass":1,"minecraft:grass_block":1,"minecraft:spruce_leaves":22,"minecraft:blue_bed":2,"minecraft:large_fern":3,"minecraft:purple_bed":6,"minecraft:furnace":4,"minecraft:iron_ore":13,"minecraft:sweet_berry_bush":15,"minecraft:birch_leaves":5,"minecraft:andesite":11,"minecraft:bell":1,"minecraft:oak_log":20,"minecraft:coal_ore":45,"minecraft:stone":44,"minecraft:oak_leaves":41}},"DataVersion":3839}