{"stats":{"minecraft:killed":{"minecraft:pig":7,"minecraft:zombie_villager":1,"minecraft:spider":1,"minecraft:sheep":11,"minecraft:skeleton":3,"minecraft:zombie":10,"minecraft:tropical_fish":3,"minecraft:cow":12},"minecraft:dropped":{"minecraft:wheat_seeds":2,"minecraft:stone_sword":1,"minecraft:arrow":1,"minecraft:wooden_pickaxe":1},"minecraft:used":{"minecraft:stone_sword":99,"minecraft:tropical_fish":1,"minecraft:stone_shovel":61,"minecraft:stone_pickaxe":107,"minecraft:oak_planks":56,"minecraft:spruce_planks":93,"minecraft:wooden_pickaxe":13,"minecraft:shield":14,"minecraft:composter":1,"minecraft:iron_sword":47,"minecraft:bell":4,"minecraft:blue_bed":2,"minecraft:dirt":63,"minecraft:crafting_table":4,"minecraft:spruce_boat":3,"minecraft:iron_pickaxe":22,"minecraft:stone_axe":95,"minecraft:purple_bed":6,"minecraft:sweet_berries":1,"minecraft:furnace":4,"minecraft:andesite":11,"minecraft:cooked_beef":12},"minecraft:custom":{"minecraft:interact_with_furnace":26,"minecraft:mob_kills":48,"minecraft:interact_with_crafting_table":10,"minecraft:bell_ring":97,"minecraft:leave_game":1,"minecraft:time_since_death":67804,"minecraft:climb_one_cm":347,"minecraft:time_since_rest":67804,"minecraft:sprint_one_cm":179685,"minecraft:damage_taken":918,"minecraft:walk_one_cm":199608,"minecraft:damage_blocked_by_shield":396,"minecraft:drop":4,"minecraft:damage_dealt":5818,"minecraft:talked_to_villager":3,"minecraft:swim_one_cm":21015,"minecraft:fly_one_cm":129624,"minecraft:open_chest":17,"minecraft:crouch_one_cm":17490,"minecraft:play_time":67804,"minecraft:sneak_time":5879,"minecraft:walk_under_water_one_cm":7503,"minecraft:boat_one_cm":83454,"minecraft:jump":905,"minecraft:walk_on_water_one_cm":6185,"minecraft:interact_with_smoker":1,"minecraft:total_world_time":67804,"minecraft:fall_one_cm":17604},"minecraft:picked_up":{"minecraft:crafting_table":2,"minecraft:wheat":1,"minecraft:andesite":11,"minecraft:leather":15,"minecraft:oak_log":19,"minecraft:cobblestone_wall":1,"minecraft:cobblestone_stairs":4,"minecraft:blue_bed":2,"minecraft:dirt":76,"minecraft:string":2,"minecraft:cooked_mutton":4,"minecraft:bone":2,"minecraft:apple":1,"minecraft:wheat_seeds":2,"minecraft:bell":5,"minecraft:spruce_planks":4,"minecraft:grindstone":1,"minecraft:beef":21,"minecraft:poppy":1,"minecraft:spruce_trapdoor":11,"minecraft:oak_planks":1,"minecraft:furnace":4,"minecraft:raw_iron":13,"minecraft:dark_oak_sapling":5,"minecraft:stick":17,"minecraft:cooked_porkchop":5,"minecraft:sweet_berries":60,"minecraft:composter":1,"minecraft:porkchop":16,"minecraft:spruce_sapling":15,"minecraft:spruce_log":35,"minecraft:dark_oak_log":15,"minecraft:spider_eye":1,"minecraft:stone_sword":1,"minecraft:arrow":1,"minecraft:purple_bed":6,"minecraft:rotten_flesh":9,"minecraft:tropical_fish":1,"minecraft:spruce_boat":3,"minecraft:granite":1,"minecraft:oak_sapling":2,"minecraft:black_wool":1,"minecraft:mutton":12,"minecraft:coal":64,"minecraft:white_wool":10,"minecraft:cobblestone":54},"minecraft:crafted":{"minecraft:cooked_beef":21,"minecraft:oak_planks":76,"minecraft:stone_shovel":3,"minecraft:crafting_table":2,"minecraft:spruce_planks":140,"minecraft:wooden_pickaxe":1,"minecraft:furnace":4,"minecraft:stone_axe":1,"minecraft:air":0,"minecraft:shield":1,"minecraft:stick":8,"minecraft:iron_ingot":13,"minecraft:iron_pickaxe":1,"minecraft:stone_pickaxe":1,"minecraft:stone_sword":1,"minecraft:spruce_boat":1},"minecraft:mined":{"minecraft:spruce_planks":4,"minecraft:glass_pane":1,"minecraft:dark_oak_leaves":135,"minecraft:cobblestone_stairs":4,"minecraft:dark_oak_log":10,"minecraft:crafting_table":2,"minecraft:spruce_trapdoor":11,"minecraft:granite":1,"minecraft:short_grass":5,"minecraft:grass_block":68,"minecraft:poppy":1,"minecraft:cobblestone":7,"minecraft:spruce_leaves":106,"minecraft:grindstone":1,"minecraft:composter":1,"minecraft:oak_planks":2,"minecraft:blue_bed":2,"minecraft:large_fern":6,"minecraft:purple_bed":6,"minecraft:furnace":4,"minecraft:cobblestone_wall":1,"minecraft:iron_ore":13,"minecraft:sweet_berry_bush":23,"minecraft:spruce_log":35,"minecraft:birch_leaves":7,"minecraft:andesite":11,"minecraft:bell":5,"minecraft:oak_log":20,"minecraft:coal_ore":45,"minecraft:dirt_path":5,"minecraft:dirt":9,"minecraft:stone":44,"minecraft:oak_leaves":41,"minecraft:fern":9}},"DataVersion":3839}