{"stats":{"minecraft:killed":{"minecraft:pig":7,"minecraft:zombie_villager":1,"minecraft:spider":1,"minecraft:sheep":11,"minecraft:skeleton":3,"minecraft:zombie":6,"minecraft:tropical_fish":3,"minecraft:cow":12},"minecraft:dropped":{"minecraft:wheat_seeds":2,"minecraft:stone_sword":1,"minecraft:arrow":1,"minecraft:wooden_pickaxe":1},"minecraft:used":{"minecraft:stone_sword":99,"minecraft:tropical_fish":1,"minecraft:stone_shovel":46,"minecraft:stone_pickaxe":107,"minecraft:oak_planks":56,"minecraft:spruce_planks":93,"minecraft:wooden_pickaxe":13,"minecraft:shield":14,"minecraft:iron_sword":33,"minecraft:bell":3,"minecraft:blue_bed":2,"minecraft:crafting_table":4,"minecraft:spruce_boat":1,"minecraft:iron_pickaxe":8,"minecraft:stone_axe":63,"minecraft:purple_bed":6,"minecraft:sweet_berries":1,"minecraft:furnace":4,"minecraft:andesite":11,"minecraft:cooked_beef":9},"minecraft:custom":{"minecraft:interact_with_furnace":26,"minecraft:mob_kills":44,"minecraft:interact_with_crafting_table":10,"minecraft:bell_ring":58,"minecraft:leave_game":1,"minecraft:time_since_death":55804,"minecraft:climb_one_cm":347,"minecraft:time_since_rest":55804,"minecraft:sprint_one_cm":156572,"minecraft:damage_taken":733,"minecraft:walk_one_cm":152023,"minecraft:damage_blocked_by_shield":396,"minecraft:drop":4,"minecraft:damage_dealt":5118,"minecraft:talked_to_villager":1,"minecraft:swim_one_cm":21015,"minecraft:fly_one_cm":123055,"minecraft:open_chest":16,"minecraft:crouch_one_cm":15869,"minecraft:play_time":55804,"minecraft:sneak_time":5353,"minecraft:walk_under_water_one_cm":7503,"minecraft:boat_one_cm":21478,"minecraft:jump":817,"minecraft:walk_on_water_one_cm":6185,"minecraft:interact_with_smoker":1,"minecraft:total_world_time":55804,"minecraft:fall_one_cm":16110},"minecraft:picked_up":{"minecraft:crafting_table":2,"minecraft:wheat":1,"minecraft:andesite":11,"minecraft:leather":15,"minecraft:oak_log":19,"minecraft:blue_bed":2,"minecraft:dirt":46,"minecraft:string":2,"minecraft:cooked_mutton":4,"minecraft:bone":2,"minecraft:apple":1,"minecraft:wheat_seeds":2,"minecraft:bell":4,"minecraft:beef":21,"minecraft:spruce_trapdoor":1,"minecraft:oak_planks":1,"minecraft:furnace":4,"minecraft:raw_iron":13,"minecraft:dark_oak_sapling":5,"minecraft:stick":17,"minecraft:cooked_porkchop":5,"minecraft:sweet_berries":49,"minecraft:porkchop":16,"minecraft:spruce_sapling":15,"minecraft:spruce_log":35,"minecraft:dark_oak_log":5,"minecraft:spider_eye":1,"minecraft:stone_sword":1,"minecraft:arrow":1,"minecraft:purple_bed":6,"minecraft:rotten_flesh":8,"minecraft:tropical_fish":1,"minecraft:granite":1,"minecraft:oak_sapling":2,"minecraft:black_wool":1,"minecraft:mutton":12,"minecraft:coal":64,"minecraft:white_wool":10,"minecraft:cobblestone":50},"minecraft:crafted":{"minecraft:cooked_beef":21,"minecraft:oak_planks":76,"minecraft:stone_shovel":3,"minecraft:crafting_table":2,"minecraft:spruce_planks":140,"minecraft:wooden_pickaxe":1,"minecraft:furnace":4,"minecraft:stone_axe":1,"minecraft:air":0,"minecraft:shield":1,"minecraft:stick":8,"minecraft:iron_ingot":13,"minecraft:iron_pickaxe":1,"minecraft:stone_pickaxe":1,"minecraft:stone_sword":1,"minecraft:spruce_boat":1},"minecraft:mined":{"minecraft:glass_pane":1,"minecraft:dark_oak_leaves":135,"minecraft:crafting_table":2,"minecraft:spruce_trapdoor":1,"minecraft:granite":1,"minecraft:short_grass":2,"minecraft:grass_block":41,"minecraft:cobblestone":3,"minecraft:spruce_leaves":106,"minecraft:oak_planks":1,"minecraft:blue_bed":2,"minecraft:large_fern":3,"minecraft:purple_bed":6,"minecraft:furnace":4,"minecraft:iron_ore":13,"minecraft:sweet_berry_bush":18,"minecraft:spruce_log":35,"minecraft:birch_leaves":5,"minecraft:andesite":11,"minecraft:bell":4,"minecraft:oak_log":20,"minecraft:coal_ore":45,"minecraft:dirt_path":5,"minecraft:stone":44,"minecraft:oak_leaves":41,"minecraft:fern":8}},"DataVersion":3839}