{"stats":{"minecraft:killed":{"minecraft:pig":7,"minecraft:zombie_villager":1,"minecraft:spider":1,"minecraft:phantom":2,"minecraft:sheep":11,"minecraft:skeleton":3,"minecraft:zombie":11,"minecraft:tropical_fish":3,"minecraft:cow":12},"minecraft:dropped":{"minecraft:wheat_seeds":2,"minecraft:stone_sword":1,"minecraft:arrow":1,"minecraft:wooden_pickaxe":1},"minecraft:used":{"minecraft:stone_sword":99,"minecraft:tropical_fish":1,"minecraft:stone_shovel":84,"minecraft:stone_pickaxe":108,"minecraft:oak_planks":56,"minecraft:fletching_table":3,"minecraft:spruce_planks":95,"minecraft:wooden_pickaxe":13,"minecraft:shield":23,"minecraft:composter":1,"minecraft:iron_sword":58,"minecraft:bell":5,"minecraft:blue_bed":2,"minecraft:white_wool":6,"minecraft:dirt":77,"minecraft:crafting_table":5,"minecraft:spruce_boat":3,"minecraft:iron_pickaxe":56,"minecraft:gravel":16,"minecraft:stone_axe":114,"minecraft:cobblestone":4,"minecraft:purple_bed":6,"minecraft:sweet_berries":1,"minecraft:furnace":4,"minecraft:andesite":11,"minecraft:cooked_beef":16},"minecraft:custom":{"minecraft:interact_with_furnace":26,"minecraft:mob_kills":51,"minecraft:traded_with_villager":2,"minecraft:interact_with_crafting_table":15,"minecraft:bell_ring":123,"minecraft:interact_with_grindstone":1,"minecraft:leave_game":1,"minecraft:time_since_death":91804,"minecraft:climb_one_cm":347,"minecraft:time_since_rest":91804,"minecraft:sprint_one_cm":223305,"minecraft:damage_taken":1143,"minecraft:walk_one_cm":248000,"minecraft:damage_blocked_by_shield":576,"minecraft:drop":4,"minecraft:damage_dealt":6418,"minecraft:talked_to_villager":16,"minecraft:swim_one_cm":42579,"minecraft:fly_one_cm":158224,"minecraft:open_chest":22,"minecraft:crouch_one_cm":20863,"minecraft:play_time":91804,"minecraft:sneak_time":6765,"minecraft:walk_under_water_one_cm":13138,"minecraft:boat_one_cm":83454,"minecraft:jump":1051,"minecraft:walk_on_water_one_cm":11485,"minecraft:interact_with_smoker":1,"minecraft:total_world_time":91804,"minecraft:fall_one_cm":21116},"minecraft:picked_up":{"minecraft:crafting_table":2,"minecraft:wheat":1,"minecraft:clay_ball":12,"minecraft:andesite":21,"minecraft:leather":15,"minecraft:flint":2,"minecraft:oak_log":19,"minecraft:cobblestone_wall":1,"minecraft:cobblestone_stairs":4,"minecraft:blue_bed":3,"minecraft:dirt":78,"minecraft:string":2,"minecraft:cooked_mutton":4,"minecraft:bone":2,"minecraft:apple":1,"minecraft:wheat_seeds":2,"minecraft:bell":5,"minecraft:spruce_planks":5,"minecraft:grindstone":7,"minecraft:beef":21,"minecraft:fletching_table":2,"minecraft:poppy":1,"minecraft:spruce_trapdoor":11,"minecraft:oak_planks":9,"minecraft:phantom_membrane":1,"minecraft:furnace":4,"minecraft:raw_iron":13,"minecraft:dark_oak_sapling":5,"minecraft:stick":17,"minecraft:cooked_porkchop":5,"minecraft:sweet_berries":60,"minecraft:composter":1,"minecraft:gravel":16,"minecraft:porkchop":16,"minecraft:spruce_sapling":15,"minecraft:diorite":6,"minecraft:spruce_log":35,"minecraft:dark_oak_log":15,"minecraft:spider_eye":1,"minecraft:stone_sword":1,"minecraft:arrow":1,"minecraft:purple_bed":6,"minecraft:rotten_flesh":9,"minecraft:tropical_fish":1,"minecraft:spruce_boat":3,"minecraft:granite":1,"minecraft:oak_sapling":2,"minecraft:black_wool":1,"minecraft:mutton":12,"minecraft:coal":64,"minecraft:white_wool":10,"minecraft:cobblestone":67},"minecraft:crafted":{"minecraft:cooked_beef":21,"minecraft:oak_planks":76,"minecraft:stone_shovel":3,"minecraft:emerald":2,"minecraft:crafting_table":3,"minecraft:spruce_planks":140,"minecraft:wooden_pickaxe":1,"minecraft:furnace":4,"minecraft:fletching_table":1,"minecraft:stone_axe":1,"minecraft:air":0,"minecraft:shield":1,"minecraft:stick":80,"minecraft:iron_ingot":13,"minecraft:iron_pickaxe":1,"minecraft:stone_pickaxe":1,"minecraft:stone_sword":1,"minecraft:spruce_boat":1},"minecraft:mined":{"minecraft:spruce_planks":11,"minecraft:glass_pane":1,"minecraft:dark_oak_leaves":135,"minecraft:cobblestone_stairs":4,"minecraft:dark_oak_log":10,"minecraft:clay":3,"minecraft:crafting_table":2,"minecraft:spruce_trapdoor":11,"minecraft:granite":1,"minecraft:short_grass":5,"minecraft:grass_block":68,"minecraft:poppy":1,"minecraft:cobblestone":15,"minecraft:spruce_leaves":106,"minecraft:grindstone":7,"minecraft:composter":1,"minecraft:oak_planks":10,"minecraft:diorite":6,"minecraft:blue_bed":3,"minecraft:large_fern":6,"minecraft:tall_seagrass":2,"minecraft:purple_bed":6,"minecraft:furnace":4,"minecraft:cobblestone_wall":1,"minecraft:iron_ore":13,"minecraft:sweet_berry_bush":23,"minecraft:spruce_log":35,"minecraft:birch_leaves":7,"minecraft:andesite":21,"minecraft:fletching_table":2,"minecraft:bell":5,"minecraft:gravel":18,"minecraft:oak_log":20,"minecraft:coal_ore":45,"minecraft:dirt_path":5,"minecraft:dirt":11,"minecraft:stone":49,"minecraft:oak_leaves":41,"minecraft:fern":9}},"DataVersion":3839}