{"stats":{"minecraft:killed":{"minecraft:spider":1,"minecraft:phantom":2,"minecraft:skeleton":3,"minecraft:tropical_fish":3,"minecraft:pig":7,"minecraft:zombie_villager":1,"minecraft:sheep":11,"minecraft:zombie":12,"minecraft:cow":12},"minecraft:dropped":{"minecraft:wheat_seeds":2,"minecraft:stone_sword":1,"minecraft:cobblestone_wall":1,"minecraft:arrow":1,"minecraft:wooden_pickaxe":1},"minecraft:custom":{"minecraft:mob_kills":53,"minecraft:interact_with_crafting_table":24,"minecraft:bell_ring":158,"minecraft:leave_game":2,"minecraft:time_since_death":115059,"minecraft:climb_one_cm":347,"minecraft:sprint_one_cm":270060,"minecraft:walk_one_cm":309053,"minecraft:damage_blocked_by_shield":576,"minecraft:drop":5,"minecraft:talked_to_villager":67,"minecraft:play_time":115059,"minecraft:sneak_time":10999,"minecraft:walk_under_water_one_cm":13449,"minecraft:boat_one_cm":83454,"minecraft:jump":1285,"minecraft:walk_on_water_one_cm":14953,"minecraft:total_world_time":115059,"minecraft:interact_with_furnace":45,"minecraft:traded_with_villager":20,"minecraft:interact_with_grindstone":1,"minecraft:sleep_in_bed":2,"minecraft:time_since_rest":10805,"minecraft:damage_taken":1168,"minecraft:damage_dealt":6677,"minecraft:fly_one_cm":182230,"minecraft:swim_one_cm":43897,"minecraft:open_chest":30,"minecraft:crouch_one_cm":30234,"minecraft:interact_with_smoker":1,"minecraft:fall_one_cm":25598},"minecraft:used":{"minecraft:stone_sword":99,"minecraft:tropical_fish":1,"minecraft:stone_shovel":116,"minecraft:spruce_planks":99,"minecraft:shield":23,"minecraft:iron_sword":67,"minecraft:bell":5,"minecraft:dirt":80,"minecraft:spruce_boat":3,"minecraft:dark_oak_planks":26,"minecraft:iron_axe":183,"minecraft:sweet_berries":1,"minecraft:furnace":6,"minecraft:cooked_beef":17,"minecraft:dark_oak_sapling":13,"minecraft:stone_pickaxe":108,"minecraft:oak_planks":56,"minecraft:wooden_pickaxe":13,"minecraft:composter":1,"minecraft:blue_bed":3,"minecraft:fletching_table":7,"minecraft:white_wool":11,"minecraft:crafting_table":5,"minecraft:blast_furnace":2,"minecraft:iron_pickaxe":60,"minecraft:gravel":42,"minecraft:stone_axe":114,"minecraft:cobblestone":4,"minecraft:purple_bed":6,"minecraft:andesite":21,"minecraft:bone_meal":3,"minecraft:smooth_stone":2},"minecraft:crafted":{"minecraft:oak_planks":76,"minecraft:smooth_stone":13,"minecraft:stone_shovel":3,"minecraft:furnace":4,"minecraft:blast_furnace":2,"minecraft:stone":13,"minecraft:bone_meal":6,"minecraft:iron_axe":1,"minecraft:stone_pickaxe":1,"minecraft:spruce_boat":1,"minecraft:dark_oak_planks":712,"minecraft:cooked_beef":21,"minecraft:emerald":18,"minecraft:crafting_table":3,"minecraft:spruce_planks":140,"minecraft:iron_helmet":1,"minecraft:wooden_pickaxe":1,"minecraft:fletching_table":2,"minecraft:stone_axe":1,"minecraft:air":0,"minecraft:shield":1,"minecraft:stick":1192,"minecraft:iron_ingot":13,"minecraft:iron_pickaxe":1,"minecraft:stone_sword":1,"minecraft:iron_leggings":1},"minecraft:picked_up":{"minecraft:crafting_table":2,"minecraft:wheat":1,"minecraft:clay_ball":12,"minecraft:string":2,"minecraft:spruce_planks":10,"minecraft:beef":21,"minecraft:poppy":1,"minecraft:spruce_trapdoor":11,"minecraft:phantom_membrane":1,"minecraft:furnace":4,"minecraft:dark_oak_sapling":19,"minecraft:stick":26,"minecraft:raw_iron":13,"minecraft:composter":1,"minecraft:porkchop":16,"minecraft:diorite":6,"minecraft:dark_oak_planks":2,"minecraft:stone_sword":1,"minecraft:arrow":1,"minecraft:rotten_flesh":12,"minecraft:tropical_fish":1,"minecraft:mutton":12,"minecraft:white_wool":11,"minecraft:cobblestone":67,"minecraft:andesite":21,"minecraft:leather":15,"minecraft:flint":4,"minecraft:oak_log":19,"minecraft:cobblestone_stairs":4,"minecraft:cobblestone_wall":1,"minecraft:dirt":84,"minecraft:blue_bed":3,"minecraft:cooked_mutton":4,"minecraft:bone":2,"minecraft:apple":1,"minecraft:wheat_seeds":2,"minecraft:bell":5,"minecraft:grindstone":7,"minecraft:fletching_table":5,"minecraft:oak_planks":12,"minecraft:cooked_porkchop":5,"minecraft:sweet_berries":60,"minecraft:gravel":45,"minecraft:spruce_sapling":15,"minecraft:blast_furnace":2,"minecraft:spruce_log":35,"minecraft:dark_oak_log":183,"minecraft:spider_eye":1,"minecraft:purple_bed":6,"minecraft:spruce_boat":3,"minecraft:granite":1,"minecraft:oak_sapling":2,"minecraft:black_wool":1,"minecraft:coal":64},"minecraft:mined":{"minecraft:dark_oak_planks":2,"minecraft:spruce_planks":16,"minecraft:dark_oak_leaves":139,"minecraft:cobblestone_stairs":4,"minecraft:dark_oak_log":178,"minecraft:spruce_trapdoor":11,"minecraft:granite":1,"minecraft:grass_block":69,"minecraft:spruce_leaves":106,"minecraft:composter":1,"minecraft:large_fern":6,"minecraft:tall_seagrass":2,"minecraft:furnace":4,"minecraft:iron_ore":13,"minecraft:andesite":21,"minecraft:fletching_table":5,"minecraft:bell":5,"minecraft:dirt_path":5,"minecraft:stone":49,"minecraft:white_wool":1,"minecraft:glass_pane":1,"minecraft:clay":3,"minecraft:crafting_table":2,"minecraft:short_grass":5,"minecraft:blast_furnace":2,"minecraft:poppy":1,"minecraft:cobblestone":15,"minecraft:grindstone":7,"minecraft:oak_planks":14,"minecraft:diorite":6,"minecraft:blue_bed":3,"minecraft:purple_bed":6,"minecraft:cobblestone_wall":1,"minecraft:sweet_berry_bush":23,"minecraft:spruce_log":35,"minecraft:birch_leaves":7,"minecraft:coal_ore":45,"minecraft:oak_log":20,"minecraft:dark_oak_sapling":5,"minecraft:gravel":49,"minecraft:dirt":16,"minecraft:oak_leaves":41,"minecraft:fern":9}},"DataVersion":3839}