{"stats":{"minecraft:picked_up":{"minecraft:oak_boat":1},"minecraft:custom":{"minecraft:jump":45,"minecraft:time_since_rest":5214,"minecraft:leave_game":3,"minecraft:play_time":8731,"minecraft:sprint_one_cm":3187,"minecraft:damage_taken":40,"minecraft:time_since_death":8731,"minecraft:walk_one_cm":6189,"minecraft:sleep_in_bed":1,"minecraft:total_world_time":8731,"minecraft:fall_one_cm":926,"minecraft:boat_one_cm":533,"minecraft:fly_one_cm":9739},"minecraft:used":{"minecraft:oak_boat":1}},"DataVersion":3839}