{"stats":{"minecraft:picked_up":{"minecraft:oak_boat":1},"minecraft:custom":{"minecraft:jump":42,"minecraft:time_since_rest":2324,"minecraft:leave_game":2,"minecraft:play_time":5841,"minecraft:sprint_one_cm":2933,"minecraft:damage_taken":40,"minecraft:time_since_death":5841,"minecraft:walk_one_cm":6110,"minecraft:sleep_in_bed":1,"minecraft:total_world_time":5841,"minecraft:fall_one_cm":926,"minecraft:boat_one_cm":533,"minecraft:fly_one_cm":8690},"minecraft:used":{"minecraft:oak_boat":1}},"DataVersion":3839}